 0.0063200,18.0000000, 2.3100000, 0.0000000, 0.5380000, 6.5750000,65.2000000, 4.0900000, 1.0000000,296.0000000,15.3000000,396.9000000, 4.9800000
 0.0273100, 0.0000000, 7.0700000, 0.0000000, 0.4690000, 6.4210000,78.9000000, 4.9671000, 2.0000000,242.0000000,17.8000000,396.9000000, 9.1400000
 0.0272900, 0.0000000, 7.0700000, 0.0000000, 0.4690000, 7.1850000,61.1000000, 4.9671000, 2.0000000,242.0000000,17.8000000,392.8300000, 4.0300000
 0.0323700, 0.0000000, 2.1800000, 0.0000000, 0.4580000, 6.9980000,45.8000000, 6.0622000, 3.0000000,222.0000000,18.7000000,394.6300000, 2.9400000
 0.0690500, 0.0000000, 2.1800000, 0.0000000, 0.4580000, 7.1470000,54.2000000, 6.0622000, 3.0000000,222.0000000,18.7000000,396.9000000, 5.3300000
 0.0298500, 0.0000000, 2.1800000, 0.0000000, 0.4580000, 6.4300000,58.7000000, 6.0622000, 3.0000000,222.0000000,18.7000000,394.1200000, 5.2100000
 0.0882900,12.5000000, 7.8700000, 0.0000000, 0.5240000, 6.0120000,66.6000000, 5.5605000, 5.0000000,311.0000000,15.2000000,395.6000000,12.4300000
 0.1445500,12.5000000, 7.8700000, 0.0000000, 0.5240000, 6.1720000,96.1000000, 5.9505000, 5.0000000,311.0000000,15.2000000,396.9000000,19.1500000
 0.2112400,12.5000000, 7.8700000, 0.0000000, 0.5240000, 5.6310000,100.0000000, 6.0821000, 5.0000000,311.0000000,15.2000000,386.6300000,29.9300000
 0.1700400,12.5000000, 7.8700000, 0.0000000, 0.5240000, 6.0040000,85.9000000, 6.5921000, 5.0000000,311.0000000,15.2000000,386.7100000,17.1000000
 0.2248900,12.5000000, 7.8700000, 0.0000000, 0.5240000, 6.3770000,94.3000000, 6.3467000, 5.0000000,311.0000000,15.2000000,392.5200000,20.4500000
 0.1174700,12.5000000, 7.8700000, 0.0000000, 0.5240000, 6.0090000,82.9000000, 6.2267000, 5.0000000,311.0000000,15.2000000,396.9000000,13.2700000
 0.0937800,12.5000000, 7.8700000, 0.0000000, 0.5240000, 5.8890000,39.0000000, 5.4509000, 5.0000000,311.0000000,15.2000000,390.5000000,15.7100000
 0.6297600, 0.0000000, 8.1400000, 0.0000000, 0.5380000, 5.9490000,61.8000000, 4.7075000, 4.0000000,307.0000000,21.0000000,396.9000000, 8.2600000
 0.6379600, 0.0000000, 8.1400000, 0.0000000, 0.5380000, 6.0960000,84.5000000, 4.4619000, 4.0000000,307.0000000,21.0000000,380.0200000,10.2600000
 0.6273900, 0.0000000, 8.1400000, 0.0000000, 0.5380000, 5.8340000,56.5000000, 4.4986000, 4.0000000,307.0000000,21.0000000,395.6200000, 8.4700000
 1.0539300, 0.0000000, 8.1400000, 0.0000000, 0.5380000, 5.9350000,29.3000000, 4.4986000, 4.0000000,307.0000000,21.0000000,386.8500000, 6.5800000
 0.7842000, 0.0000000, 8.1400000, 0.0000000, 0.5380000, 5.9900000,81.7000000, 4.2579000, 4.0000000,307.0000000,21.0000000,386.7500000,14.6700000
 0.8027100, 0.0000000, 8.1400000, 0.0000000, 0.5380000, 5.4560000,36.6000000, 3.7965000, 4.0000000,307.0000000,21.0000000,288.9900000,11.6900000
 0.7258000, 0.0000000, 8.1400000, 0.0000000, 0.5380000, 5.7270000,69.5000000, 3.7965000, 4.0000000,307.0000000,21.0000000,390.9500000,11.2800000
 1.2517900, 0.0000000, 8.1400000, 0.0000000, 0.5380000, 5.5700000,98.1000000, 3.7979000, 4.0000000,307.0000000,21.0000000,376.5700000,21.0200000
 0.8520400, 0.0000000, 8.1400000, 0.0000000, 0.5380000, 5.9650000,89.2000000, 4.0123000, 4.0000000,307.0000000,21.0000000,392.5300000,13.8300000
 1.2324700, 0.0000000, 8.1400000, 0.0000000, 0.5380000, 6.1420000,91.7000000, 3.9769000, 4.0000000,307.0000000,21.0000000,396.9000000,18.7200000
 0.9884300, 0.0000000, 8.1400000, 0.0000000, 0.5380000, 5.8130000,100.0000000, 4.0952000, 4.0000000,307.0000000,21.0000000,394.5400000,19.8800000
 0.7502600, 0.0000000, 8.1400000, 0.0000000, 0.5380000, 5.9240000,94.1000000, 4.3996000, 4.0000000,307.0000000,21.0000000,394.3300000,16.3000000
 0.8405400, 0.0000000, 8.1400000, 0.0000000, 0.5380000, 5.5990000,85.7000000, 4.4546000, 4.0000000,307.0000000,21.0000000,303.4200000,16.5100000
 0.6719100, 0.0000000, 8.1400000, 0.0000000, 0.5380000, 5.8130000,90.3000000, 4.6820000, 4.0000000,307.0000000,21.0000000,376.8800000,14.8100000
 0.9557700, 0.0000000, 8.1400000, 0.0000000, 0.5380000, 6.0470000,88.8000000, 4.4534000, 4.0000000,307.0000000,21.0000000,306.3800000,17.2800000
 0.7729900, 0.0000000, 8.1400000, 0.0000000, 0.5380000, 6.4950000,94.4000000, 4.4547000, 4.0000000,307.0000000,21.0000000,387.9400000,12.8000000
 1.0024500, 0.0000000, 8.1400000, 0.0000000, 0.5380000, 6.6740000,87.3000000, 4.2390000, 4.0000000,307.0000000,21.0000000,380.2300000,11.9800000
 1.1308100, 0.0000000, 8.1400000, 0.0000000, 0.5380000, 5.7130000,94.1000000, 4.2330000, 4.0000000,307.0000000,21.0000000,360.1700000,22.6000000
 1.3547200, 0.0000000, 8.1400000, 0.0000000, 0.5380000, 6.0720000,100.0000000, 4.1750000, 4.0000000,307.0000000,21.0000000,376.7300000,13.0400000
 1.3879900, 0.0000000, 8.1400000, 0.0000000, 0.5380000, 5.9500000,82.0000000, 3.9900000, 4.0000000,307.0000000,21.0000000,232.6000000,27.7100000
 1.1517200, 0.0000000, 8.1400000, 0.0000000, 0.5380000, 5.7010000,95.0000000, 3.7872000, 4.0000000,307.0000000,21.0000000,358.7700000,18.3500000
 1.6128200, 0.0000000, 8.1400000, 0.0000000, 0.5380000, 6.0960000,96.9000000, 3.7598000, 4.0000000,307.0000000,21.0000000,248.3100000,20.3400000
 0.0641700, 0.0000000, 5.9600000, 0.0000000, 0.4990000, 5.9330000,68.2000000, 3.3603000, 5.0000000,279.0000000,19.2000000,396.9000000, 9.6800000
 0.0974400, 0.0000000, 5.9600000, 0.0000000, 0.4990000, 5.8410000,61.4000000, 3.3779000, 5.0000000,279.0000000,19.2000000,377.5600000,11.4100000
 0.0801400, 0.0000000, 5.9600000, 0.0000000, 0.4990000, 5.8500000,41.5000000, 3.9342000, 5.0000000,279.0000000,19.2000000,396.9000000, 8.7700000
 0.1750500, 0.0000000, 5.9600000, 0.0000000, 0.4990000, 5.9660000,30.2000000, 3.8473000, 5.0000000,279.0000000,19.2000000,393.4300000,10.1300000
 0.0276300,75.0000000, 2.9500000, 0.0000000, 0.4280000, 6.5950000,21.8000000, 5.4011000, 3.0000000,252.0000000,18.3000000,395.6300000, 4.3200000
 0.0335900,75.0000000, 2.9500000, 0.0000000, 0.4280000, 7.0240000,15.8000000, 5.4011000, 3.0000000,252.0000000,18.3000000,395.6200000, 1.9800000
 0.1274400, 0.0000000, 6.9100000, 0.0000000, 0.4480000, 6.7700000, 2.9000000, 5.7209000, 3.0000000,233.0000000,17.9000000,385.4100000, 4.8400000
 0.1415000, 0.0000000, 6.9100000, 0.0000000, 0.4480000, 6.1690000, 6.6000000, 5.7209000, 3.0000000,233.0000000,17.9000000,383.3700000, 5.8100000
 0.1593600, 0.0000000, 6.9100000, 0.0000000, 0.4480000, 6.2110000, 6.5000000, 5.7209000, 3.0000000,233.0000000,17.9000000,394.4600000, 7.4400000
 0.1226900, 0.0000000, 6.9100000, 0.0000000, 0.4480000, 6.0690000,40.0000000, 5.7209000, 3.0000000,233.0000000,17.9000000,389.3900000, 9.5500000
 0.1714200, 0.0000000, 6.9100000, 0.0000000, 0.4480000, 5.6820000,33.8000000, 5.1004000, 3.0000000,233.0000000,17.9000000,396.9000000,10.2100000
 0.1883600, 0.0000000, 6.9100000, 0.0000000, 0.4480000, 5.7860000,33.3000000, 5.1004000, 3.0000000,233.0000000,17.9000000,396.9000000,14.1500000
 0.2292700, 0.0000000, 6.9100000, 0.0000000, 0.4480000, 6.0300000,85.5000000, 5.6894000, 3.0000000,233.0000000,17.9000000,392.7400000,18.8000000
 0.2538700, 0.0000000, 6.9100000, 0.0000000, 0.4480000, 5.3990000,95.3000000, 5.8700000, 3.0000000,233.0000000,17.9000000,396.9000000,30.8100000
 0.2197700, 0.0000000, 6.9100000, 0.0000000, 0.4480000, 5.6020000,62.0000000, 6.0877000, 3.0000000,233.0000000,17.9000000,396.9000000,16.2000000
 0.0887300,21.0000000, 5.6400000, 0.0000000, 0.4390000, 5.9630000,45.7000000, 6.8147000, 4.0000000,243.0000000,16.8000000,395.5600000,13.4500000
 0.0433700,21.0000000, 5.6400000, 0.0000000, 0.4390000, 6.1150000,63.0000000, 6.8147000, 4.0000000,243.0000000,16.8000000,393.9700000, 9.4300000
 0.0536000,21.0000000, 5.6400000, 0.0000000, 0.4390000, 6.5110000,21.1000000, 6.8147000, 4.0000000,243.0000000,16.8000000,396.9000000, 5.2800000
 0.0498100,21.0000000, 5.6400000, 0.0000000, 0.4390000, 5.9980000,21.4000000, 6.8147000, 4.0000000,243.0000000,16.8000000,396.9000000, 8.4300000
 0.0136000,75.0000000, 4.0000000, 0.0000000, 0.4100000, 5.8880000,47.6000000, 7.3197000, 3.0000000,469.0000000,21.1000000,396.9000000,14.8000000
 0.0131100,90.0000000, 1.2200000, 0.0000000, 0.4030000, 7.2490000,21.9000000, 8.6966000, 5.0000000,226.0000000,17.9000000,395.9300000, 4.8100000
 0.0205500,85.0000000, 0.7400000, 0.0000000, 0.4100000, 6.3830000,35.7000000, 9.1876000, 2.0000000,313.0000000,17.3000000,396.9000000, 5.7700000
 0.0143200,100.0000000, 1.3200000, 0.0000000, 0.4110000, 6.8160000,40.5000000, 8.3248000, 5.0000000,256.0000000,15.1000000,392.9000000, 3.9500000
 0.1544500,25.0000000, 5.1300000, 0.0000000, 0.4530000, 6.1450000,29.2000000, 7.8148000, 8.0000000,284.0000000,19.7000000,390.6800000, 6.8600000
 0.1032800,25.0000000, 5.1300000, 0.0000000, 0.4530000, 5.9270000,47.2000000, 6.9320000, 8.0000000,284.0000000,19.7000000,396.9000000, 9.2200000
 0.1493200,25.0000000, 5.1300000, 0.0000000, 0.4530000, 5.7410000,66.2000000, 7.2254000, 8.0000000,284.0000000,19.7000000,395.1100000,13.1500000
 0.1717100,25.0000000, 5.1300000, 0.0000000, 0.4530000, 5.9660000,93.4000000, 6.8185000, 8.0000000,284.0000000,19.7000000,378.0800000,14.4400000
 0.1102700,25.0000000, 5.1300000, 0.0000000, 0.4530000, 6.4560000,67.8000000, 7.2255000, 8.0000000,284.0000000,19.7000000,396.9000000, 6.7300000
 0.1265000,25.0000000, 5.1300000, 0.0000000, 0.4530000, 6.7620000,43.4000000, 7.9809000, 8.0000000,284.0000000,19.7000000,395.5800000, 9.5000000
 0.0195100,17.5000000, 1.3800000, 0.0000000, 0.4161000, 7.1040000,59.5000000, 9.2229000, 3.0000000,216.0000000,18.6000000,393.2400000, 8.0500000
 0.0358400,80.0000000, 3.3700000, 0.0000000, 0.3980000, 6.2900000,17.8000000, 6.6115000, 4.0000000,337.0000000,16.1000000,396.9000000, 4.6700000
 0.0437900,80.0000000, 3.3700000, 0.0000000, 0.3980000, 5.7870000,31.1000000, 6.6115000, 4.0000000,337.0000000,16.1000000,396.9000000,10.2400000
 0.0578900,12.5000000, 6.0700000, 0.0000000, 0.4090000, 5.8780000,21.4000000, 6.4980000, 4.0000000,345.0000000,18.9000000,396.2100000, 8.1000000
 0.1355400,12.5000000, 6.0700000, 0.0000000, 0.4090000, 5.5940000,36.8000000, 6.4980000, 4.0000000,345.0000000,18.9000000,396.9000000,13.0900000
 0.1281600,12.5000000, 6.0700000, 0.0000000, 0.4090000, 5.8850000,33.0000000, 6.4980000, 4.0000000,345.0000000,18.9000000,396.9000000, 8.7900000
 0.0882600, 0.0000000,10.8100000, 0.0000000, 0.4130000, 6.4170000, 6.6000000, 5.2873000, 4.0000000,305.0000000,19.2000000,383.7300000, 6.7200000
 0.1587600, 0.0000000,10.8100000, 0.0000000, 0.4130000, 5.9610000,17.5000000, 5.2873000, 4.0000000,305.0000000,19.2000000,376.9400000, 9.8800000
 0.0916400, 0.0000000,10.8100000, 0.0000000, 0.4130000, 6.0650000, 7.8000000, 5.2873000, 4.0000000,305.0000000,19.2000000,390.9100000, 5.5200000
 0.1953900, 0.0000000,10.8100000, 0.0000000, 0.4130000, 6.2450000, 6.2000000, 5.2873000, 4.0000000,305.0000000,19.2000000,377.1700000, 7.5400000
 0.0789600, 0.0000000,12.8300000, 0.0000000, 0.4370000, 6.2730000, 6.0000000, 4.2515000, 5.0000000,398.0000000,18.7000000,394.9200000, 6.7800000
 0.0951200, 0.0000000,12.8300000, 0.0000000, 0.4370000, 6.2860000,45.0000000, 4.5026000, 5.0000000,398.0000000,18.7000000,383.2300000, 8.9400000
 0.1015300, 0.0000000,12.8300000, 0.0000000, 0.4370000, 6.2790000,74.5000000, 4.0522000, 5.0000000,398.0000000,18.7000000,373.6600000,11.9700000
 0.0870700, 0.0000000,12.8300000, 0.0000000, 0.4370000, 6.1400000,45.8000000, 4.0905000, 5.0000000,398.0000000,18.7000000,386.9600000,10.2700000
 0.0564600, 0.0000000,12.8300000, 0.0000000, 0.4370000, 6.2320000,53.7000000, 5.0141000, 5.0000000,398.0000000,18.7000000,386.4000000,12.3400000
 0.0838700, 0.0000000,12.8300000, 0.0000000, 0.4370000, 5.8740000,36.6000000, 4.5026000, 5.0000000,398.0000000,18.7000000,396.0600000, 9.1000000
 0.0411300,25.0000000, 4.8600000, 0.0000000, 0.4260000, 6.7270000,33.5000000, 5.4007000, 4.0000000,281.0000000,19.0000000,396.9000000, 5.2900000
 0.0446200,25.0000000, 4.8600000, 0.0000000, 0.4260000, 6.6190000,70.4000000, 5.4007000, 4.0000000,281.0000000,19.0000000,395.6300000, 7.2200000
 0.0365900,25.0000000, 4.8600000, 0.0000000, 0.4260000, 6.3020000,32.2000000, 5.4007000, 4.0000000,281.0000000,19.0000000,396.9000000, 6.7200000
 0.0355100,25.0000000, 4.8600000, 0.0000000, 0.4260000, 6.1670000,46.7000000, 5.4007000, 4.0000000,281.0000000,19.0000000,390.6400000, 7.5100000
 0.0505900, 0.0000000, 4.4900000, 0.0000000, 0.4490000, 6.3890000,48.0000000, 4.7794000, 3.0000000,247.0000000,18.5000000,396.9000000, 9.6200000
 0.0573500, 0.0000000, 4.4900000, 0.0000000, 0.4490000, 6.6300000,56.1000000, 4.4377000, 3.0000000,247.0000000,18.5000000,392.3000000, 6.5300000
 0.0518800, 0.0000000, 4.4900000, 0.0000000, 0.4490000, 6.0150000,45.1000000, 4.4272000, 3.0000000,247.0000000,18.5000000,395.9900000,12.8600000
 0.0715100, 0.0000000, 4.4900000, 0.0000000, 0.4490000, 6.1210000,56.8000000, 3.7476000, 3.0000000,247.0000000,18.5000000,395.1500000, 8.4400000
 0.0566000, 0.0000000, 3.4100000, 0.0000000, 0.4890000, 7.0070000,86.3000000, 3.4217000, 2.0000000,270.0000000,17.8000000,396.9000000, 5.5000000
 0.0530200, 0.0000000, 3.4100000, 0.0000000, 0.4890000, 7.0790000,63.1000000, 3.4145000, 2.0000000,270.0000000,17.8000000,396.0600000, 5.7000000
 0.0468400, 0.0000000, 3.4100000, 0.0000000, 0.4890000, 6.4170000,66.1000000, 3.0923000, 2.0000000,270.0000000,17.8000000,392.1800000, 8.8100000
 0.0393200, 0.0000000, 3.4100000, 0.0000000, 0.4890000, 6.4050000,73.9000000, 3.0921000, 2.0000000,270.0000000,17.8000000,393.5500000, 8.2000000
 0.0420300,28.0000000,15.0400000, 0.0000000, 0.4640000, 6.4420000,53.6000000, 3.6659000, 4.0000000,270.0000000,18.2000000,395.0100000, 8.1600000
 0.0287500,28.0000000,15.0400000, 0.0000000, 0.4640000, 6.2110000,28.9000000, 3.6659000, 4.0000000,270.0000000,18.2000000,396.3300000, 6.2100000
 0.0429400,28.0000000,15.0400000, 0.0000000, 0.4640000, 6.2490000,77.3000000, 3.6150000, 4.0000000,270.0000000,18.2000000,396.9000000,10.5900000
 0.1220400, 0.0000000, 2.8900000, 0.0000000, 0.4450000, 6.6250000,57.8000000, 3.4952000, 2.0000000,276.0000000,18.0000000,357.9800000, 6.6500000
 0.1150400, 0.0000000, 2.8900000, 0.0000000, 0.4450000, 6.1630000,69.6000000, 3.4952000, 2.0000000,276.0000000,18.0000000,391.8300000,11.3400000
 0.1208300, 0.0000000, 2.8900000, 0.0000000, 0.4450000, 8.0690000,76.0000000, 3.4952000, 2.0000000,276.0000000,18.0000000,396.9000000, 4.2100000
 0.0818700, 0.0000000, 2.8900000, 0.0000000, 0.4450000, 7.8200000,36.9000000, 3.4952000, 2.0000000,276.0000000,18.0000000,393.5300000, 3.5700000
 0.0686000, 0.0000000, 2.8900000, 0.0000000, 0.4450000, 7.4160000,62.5000000, 3.4952000, 2.0000000,276.0000000,18.0000000,396.9000000, 6.1900000
 0.1486600, 0.0000000, 8.5600000, 0.0000000, 0.5200000, 6.7270000,79.9000000, 2.7778000, 5.0000000,384.0000000,20.9000000,394.7600000, 9.4200000
 0.1143200, 0.0000000, 8.5600000, 0.0000000, 0.5200000, 6.7810000,71.3000000, 2.8561000, 5.0000000,384.0000000,20.9000000,395.5800000, 7.6700000
 0.2287600, 0.0000000, 8.5600000, 0.0000000, 0.5200000, 6.4050000,85.4000000, 2.7147000, 5.0000000,384.0000000,20.9000000,70.8000000,10.6300000
 0.2116100, 0.0000000, 8.5600000, 0.0000000, 0.5200000, 6.1370000,87.4000000, 2.7147000, 5.0000000,384.0000000,20.9000000,394.4700000,13.4400000
 0.1396000, 0.0000000, 8.5600000, 0.0000000, 0.5200000, 6.1670000,90.0000000, 2.4210000, 5.0000000,384.0000000,20.9000000,392.6900000,12.3300000
 0.1326200, 0.0000000, 8.5600000, 0.0000000, 0.5200000, 5.8510000,96.7000000, 2.1069000, 5.0000000,384.0000000,20.9000000,394.0500000,16.4700000
 0.1712000, 0.0000000, 8.5600000, 0.0000000, 0.5200000, 5.8360000,91.9000000, 2.2110000, 5.0000000,384.0000000,20.9000000,395.6700000,18.6600000
 0.1311700, 0.0000000, 8.5600000, 0.0000000, 0.5200000, 6.1270000,85.2000000, 2.1224000, 5.0000000,384.0000000,20.9000000,387.6900000,14.0900000
 0.1280200, 0.0000000, 8.5600000, 0.0000000, 0.5200000, 6.4740000,97.1000000, 2.4329000, 5.0000000,384.0000000,20.9000000,395.2400000,12.2700000
 0.2636300, 0.0000000, 8.5600000, 0.0000000, 0.5200000, 6.2290000,91.2000000, 2.5451000, 5.0000000,384.0000000,20.9000000,391.2300000,15.5500000
 0.1079300, 0.0000000, 8.5600000, 0.0000000, 0.5200000, 6.1950000,54.4000000, 2.7778000, 5.0000000,384.0000000,20.9000000,393.4900000,13.0000000
 0.1008400, 0.0000000,10.0100000, 0.0000000, 0.5470000, 6.7150000,81.6000000, 2.6775000, 6.0000000,432.0000000,17.8000000,395.5900000,10.1600000
 0.1232900, 0.0000000,10.0100000, 0.0000000, 0.5470000, 5.9130000,92.9000000, 2.3534000, 6.0000000,432.0000000,17.8000000,394.9500000,16.2100000
 0.2221200, 0.0000000,10.0100000, 0.0000000, 0.5470000, 6.0920000,95.4000000, 2.5480000, 6.0000000,432.0000000,17.8000000,396.9000000,17.0900000
 0.1423100, 0.0000000,10.0100000, 0.0000000, 0.5470000, 6.2540000,84.2000000, 2.2565000, 6.0000000,432.0000000,17.8000000,388.7400000,10.4500000
 0.1713400, 0.0000000,10.0100000, 0.0000000, 0.5470000, 5.9280000,88.2000000, 2.4631000, 6.0000000,432.0000000,17.8000000,344.9100000,15.7600000
 0.1315800, 0.0000000,10.0100000, 0.0000000, 0.5470000, 6.1760000,72.5000000, 2.7301000, 6.0000000,432.0000000,17.8000000,393.3000000,12.0400000
 0.1509800, 0.0000000,10.0100000, 0.0000000, 0.5470000, 6.0210000,82.6000000, 2.7474000, 6.0000000,432.0000000,17.8000000,394.5100000,10.3000000
 0.1305800, 0.0000000,10.0100000, 0.0000000, 0.5470000, 5.8720000,73.1000000, 2.4775000, 6.0000000,432.0000000,17.8000000,338.6300000,15.3700000
 0.1447600, 0.0000000,10.0100000, 0.0000000, 0.5470000, 5.7310000,65.2000000, 2.7592000, 6.0000000,432.0000000,17.8000000,391.5000000,13.6100000
 0.0689900, 0.0000000,25.6500000, 0.0000000, 0.5810000, 5.8700000,69.7000000, 2.2577000, 2.0000000,188.0000000,19.1000000,389.1500000,14.3700000
 0.0716500, 0.0000000,25.6500000, 0.0000000, 0.5810000, 6.0040000,84.1000000, 2.1974000, 2.0000000,188.0000000,19.1000000,377.6700000,14.2700000
 0.0929900, 0.0000000,25.6500000, 0.0000000, 0.5810000, 5.9610000,92.9000000, 2.0869000, 2.0000000,188.0000000,19.1000000,378.0900000,17.9300000
 0.1503800, 0.0000000,25.6500000, 0.0000000, 0.5810000, 5.8560000,97.0000000, 1.9444000, 2.0000000,188.0000000,19.1000000,370.3100000,25.4100000
 0.0984900, 0.0000000,25.6500000, 0.0000000, 0.5810000, 5.8790000,95.8000000, 2.0063000, 2.0000000,188.0000000,19.1000000,379.3800000,17.5800000
 0.1690200, 0.0000000,25.6500000, 0.0000000, 0.5810000, 5.9860000,88.4000000, 1.9929000, 2.0000000,188.0000000,19.1000000,385.0200000,14.8100000
 0.3873500, 0.0000000,25.6500000, 0.0000000, 0.5810000, 5.6130000,95.6000000, 1.7572000, 2.0000000,188.0000000,19.1000000,359.2900000,27.2600000
 0.2591500, 0.0000000,21.8900000, 0.0000000, 0.6240000, 5.6930000,96.0000000, 1.7883000, 4.0000000,437.0000000,21.2000000,392.1100000,17.1900000
 0.3254300, 0.0000000,21.8900000, 0.0000000, 0.6240000, 6.4310000,98.8000000, 1.8125000, 4.0000000,437.0000000,21.2000000,396.9000000,15.3900000
 0.8812500, 0.0000000,21.8900000, 0.0000000, 0.6240000, 5.6370000,94.7000000, 1.9799000, 4.0000000,437.0000000,21.2000000,396.9000000,18.3400000
 0.3400600, 0.0000000,21.8900000, 0.0000000, 0.6240000, 6.4580000,98.9000000, 2.1185000, 4.0000000,437.0000000,21.2000000,395.0400000,12.6000000
 1.1929400, 0.0000000,21.8900000, 0.0000000, 0.6240000, 6.3260000,97.7000000, 2.2710000, 4.0000000,437.0000000,21.2000000,396.9000000,12.2600000
 0.5900500, 0.0000000,21.8900000, 0.0000000, 0.6240000, 6.3720000,97.9000000, 2.3274000, 4.0000000,437.0000000,21.2000000,385.7600000,11.1200000
 0.3298200, 0.0000000,21.8900000, 0.0000000, 0.6240000, 5.8220000,95.4000000, 2.4699000, 4.0000000,437.0000000,21.2000000,388.6900000,15.0300000
 0.9761700, 0.0000000,21.8900000, 0.0000000, 0.6240000, 5.7570000,98.4000000, 2.3460000, 4.0000000,437.0000000,21.2000000,262.7600000,17.3100000
 0.5577800, 0.0000000,21.8900000, 0.0000000, 0.6240000, 6.3350000,98.2000000, 2.1107000, 4.0000000,437.0000000,21.2000000,394.6700000,16.9600000
 0.3226400, 0.0000000,21.8900000, 0.0000000, 0.6240000, 5.9420000,93.5000000, 1.9669000, 4.0000000,437.0000000,21.2000000,378.2500000,16.9000000
 0.3523300, 0.0000000,21.8900000, 0.0000000, 0.6240000, 6.4540000,98.4000000, 1.8498000, 4.0000000,437.0000000,21.2000000,394.0800000,14.5900000
 0.2498000, 0.0000000,21.8900000, 0.0000000, 0.6240000, 5.8570000,98.2000000, 1.6686000, 4.0000000,437.0000000,21.2000000,392.0400000,21.3200000
 0.5445200, 0.0000000,21.8900000, 0.0000000, 0.6240000, 6.1510000,97.9000000, 1.6687000, 4.0000000,437.0000000,21.2000000,396.9000000,18.4600000
 0.2909000, 0.0000000,21.8900000, 0.0000000, 0.6240000, 6.1740000,93.6000000, 1.6119000, 4.0000000,437.0000000,21.2000000,388.0800000,24.1600000
 1.6286400, 0.0000000,21.8900000, 0.0000000, 0.6240000, 5.0190000,100.0000000, 1.4394000, 4.0000000,437.0000000,21.2000000,396.9000000,34.4100000
 3.3210500, 0.0000000,19.5800000, 1.0000000, 0.8710000, 5.4030000,100.0000000, 1.3216000, 5.0000000,403.0000000,14.7000000,396.9000000,26.8200000
 4.0974000, 0.0000000,19.5800000, 0.0000000, 0.8710000, 5.4680000,100.0000000, 1.4118000, 5.0000000,403.0000000,14.7000000,396.9000000,26.4200000
 2.7797400, 0.0000000,19.5800000, 0.0000000, 0.8710000, 4.9030000,97.8000000, 1.3459000, 5.0000000,403.0000000,14.7000000,396.9000000,29.2900000
 2.3793400, 0.0000000,19.5800000, 0.0000000, 0.8710000, 6.1300000,100.0000000, 1.4191000, 5.0000000,403.0000000,14.7000000,172.9100000,27.8000000
 2.1550500, 0.0000000,19.5800000, 0.0000000, 0.8710000, 5.6280000,100.0000000, 1.5166000, 5.0000000,403.0000000,14.7000000,169.2700000,16.6500000
 2.3686200, 0.0000000,19.5800000, 0.0000000, 0.8710000, 4.9260000,95.7000000, 1.4608000, 5.0000000,403.0000000,14.7000000,391.7100000,29.5300000
 2.3309900, 0.0000000,19.5800000, 0.0000000, 0.8710000, 5.1860000,93.8000000, 1.5296000, 5.0000000,403.0000000,14.7000000,356.9900000,28.3200000
 2.7339700, 0.0000000,19.5800000, 0.0000000, 0.8710000, 5.5970000,94.9000000, 1.5257000, 5.0000000,403.0000000,14.7000000,351.8500000,21.4500000
 1.6566000, 0.0000000,19.5800000, 0.0000000, 0.8710000, 6.1220000,97.3000000, 1.6180000, 5.0000000,403.0000000,14.7000000,372.8000000,14.1000000
 1.4963200, 0.0000000,19.5800000, 0.0000000, 0.8710000, 5.4040000,100.0000000, 1.5916000, 5.0000000,403.0000000,14.7000000,341.6000000,13.2800000
 1.1265800, 0.0000000,19.5800000, 1.0000000, 0.8710000, 5.0120000,88.0000000, 1.6102000, 5.0000000,403.0000000,14.7000000,343.2800000,12.1200000
 2.1491800, 0.0000000,19.5800000, 0.0000000, 0.8710000, 5.7090000,98.5000000, 1.6232000, 5.0000000,403.0000000,14.7000000,261.9500000,15.7900000
 1.4138500, 0.0000000,19.5800000, 1.0000000, 0.8710000, 6.1290000,96.0000000, 1.7494000, 5.0000000,403.0000000,14.7000000,321.0200000,15.1200000
 3.5350100, 0.0000000,19.5800000, 1.0000000, 0.8710000, 6.1520000,82.6000000, 1.7455000, 5.0000000,403.0000000,14.7000000,88.0100000,15.0200000
 2.4466800, 0.0000000,19.5800000, 0.0000000, 0.8710000, 5.2720000,94.0000000, 1.7364000, 5.0000000,403.0000000,14.7000000,88.6300000,16.1400000
 1.2235800, 0.0000000,19.5800000, 0.0000000, 0.6050000, 6.9430000,97.4000000, 1.8773000, 5.0000000,403.0000000,14.7000000,363.4300000, 4.5900000
 1.3428400, 0.0000000,19.5800000, 0.0000000, 0.6050000, 6.0660000,100.0000000, 1.7573000, 5.0000000,403.0000000,14.7000000,353.8900000, 6.4300000
 1.4250200, 0.0000000,19.5800000, 0.0000000, 0.8710000, 6.5100000,100.0000000, 1.7659000, 5.0000000,403.0000000,14.7000000,364.3100000, 7.3900000
 1.2734600, 0.0000000,19.5800000, 1.0000000, 0.6050000, 6.2500000,92.6000000, 1.7984000, 5.0000000,403.0000000,14.7000000,338.9200000, 5.5000000
 1.4633600, 0.0000000,19.5800000, 0.0000000, 0.6050000, 7.4890000,90.8000000, 1.9709000, 5.0000000,403.0000000,14.7000000,374.4300000, 1.7300000
 1.8337700, 0.0000000,19.5800000, 1.0000000, 0.6050000, 7.8020000,98.2000000, 2.0407000, 5.0000000,403.0000000,14.7000000,389.6100000, 1.9200000
 1.5190200, 0.0000000,19.5800000, 1.0000000, 0.6050000, 8.3750000,93.9000000, 2.1620000, 5.0000000,403.0000000,14.7000000,388.4500000, 3.3200000
 2.2423600, 0.0000000,19.5800000, 0.0000000, 0.6050000, 5.8540000,91.8000000, 2.4220000, 5.0000000,403.0000000,14.7000000,395.1100000,11.6400000
 2.9240000, 0.0000000,19.5800000, 0.0000000, 0.6050000, 6.1010000,93.0000000, 2.2834000, 5.0000000,403.0000000,14.7000000,240.1600000, 9.8100000
 2.0101900, 0.0000000,19.5800000, 0.0000000, 0.6050000, 7.9290000,96.2000000, 2.0459000, 5.0000000,403.0000000,14.7000000,369.3000000, 3.7000000
 1.8002800, 0.0000000,19.5800000, 0.0000000, 0.6050000, 5.8770000,79.2000000, 2.4259000, 5.0000000,403.0000000,14.7000000,227.6100000,12.1400000
 2.3004000, 0.0000000,19.5800000, 0.0000000, 0.6050000, 6.3190000,96.1000000, 2.1000000, 5.0000000,403.0000000,14.7000000,297.0900000,11.1000000
 2.4495300, 0.0000000,19.5800000, 0.0000000, 0.6050000, 6.4020000,95.2000000, 2.2625000, 5.0000000,403.0000000,14.7000000,330.0400000,11.3200000
 1.2074200, 0.0000000,19.5800000, 0.0000000, 0.6050000, 5.8750000,94.6000000, 2.4259000, 5.0000000,403.0000000,14.7000000,292.2900000,14.4300000
 2.3139000, 0.0000000,19.5800000, 0.0000000, 0.6050000, 5.8800000,97.3000000, 2.3887000, 5.0000000,403.0000000,14.7000000,348.1300000,12.0300000
 0.1391400, 0.0000000, 4.0500000, 0.0000000, 0.5100000, 5.5720000,88.5000000, 2.5961000, 5.0000000,296.0000000,16.6000000,396.9000000,14.6900000
 0.0917800, 0.0000000, 4.0500000, 0.0000000, 0.5100000, 6.4160000,84.1000000, 2.6463000, 5.0000000,296.0000000,16.6000000,395.5000000, 9.0400000
 0.0844700, 0.0000000, 4.0500000, 0.0000000, 0.5100000, 5.8590000,68.7000000, 2.7019000, 5.0000000,296.0000000,16.6000000,393.2300000, 9.6400000
 0.0666400, 0.0000000, 4.0500000, 0.0000000, 0.5100000, 6.5460000,33.1000000, 3.1323000, 5.0000000,296.0000000,16.6000000,390.9600000, 5.3300000
 0.0702200, 0.0000000, 4.0500000, 0.0000000, 0.5100000, 6.0200000,47.2000000, 3.5549000, 5.0000000,296.0000000,16.6000000,393.2300000,10.1100000
 0.0542500, 0.0000000, 4.0500000, 0.0000000, 0.5100000, 6.3150000,73.4000000, 3.3175000, 5.0000000,296.0000000,16.6000000,395.6000000, 6.2900000
 0.0664200, 0.0000000, 4.0500000, 0.0000000, 0.5100000, 6.8600000,74.4000000, 2.9153000, 5.0000000,296.0000000,16.6000000,391.2700000, 6.9200000
 0.0578000, 0.0000000, 2.4600000, 0.0000000, 0.4880000, 6.9800000,58.4000000, 2.8290000, 3.0000000,193.0000000,17.8000000,396.9000000, 5.0400000
 0.0658800, 0.0000000, 2.4600000, 0.0000000, 0.4880000, 7.7650000,83.3000000, 2.7410000, 3.0000000,193.0000000,17.8000000,395.5600000, 7.5600000
 0.0688800, 0.0000000, 2.4600000, 0.0000000, 0.4880000, 6.1440000,62.2000000, 2.5979000, 3.0000000,193.0000000,17.8000000,396.9000000, 9.4500000
 0.0910300, 0.0000000, 2.4600000, 0.0000000, 0.4880000, 7.1550000,92.2000000, 2.7006000, 3.0000000,193.0000000,17.8000000,394.1200000, 4.8200000
 0.1000800, 0.0000000, 2.4600000, 0.0000000, 0.4880000, 6.5630000,95.6000000, 2.8470000, 3.0000000,193.0000000,17.8000000,396.9000000, 5.6800000
 0.0830800, 0.0000000, 2.4600000, 0.0000000, 0.4880000, 5.6040000,89.8000000, 2.9879000, 3.0000000,193.0000000,17.8000000,391.0000000,13.9800000
 0.0604700, 0.0000000, 2.4600000, 0.0000000, 0.4880000, 6.1530000,68.8000000, 3.2797000, 3.0000000,193.0000000,17.8000000,387.1100000,13.1500000
 0.0560200, 0.0000000, 2.4600000, 0.0000000, 0.4880000, 7.8310000,53.6000000, 3.1992000, 3.0000000,193.0000000,17.8000000,392.6300000, 4.4500000
 0.0787500,45.0000000, 3.4400000, 0.0000000, 0.4370000, 6.7820000,41.1000000, 3.7886000, 5.0000000,398.0000000,15.2000000,393.8700000, 6.6800000
 0.1257900,45.0000000, 3.4400000, 0.0000000, 0.4370000, 6.5560000,29.1000000, 4.5667000, 5.0000000,398.0000000,15.2000000,382.8400000, 4.5600000
 0.0837000,45.0000000, 3.4400000, 0.0000000, 0.4370000, 7.1850000,38.9000000, 4.5667000, 5.0000000,398.0000000,15.2000000,396.9000000, 5.3900000
 0.0906800,45.0000000, 3.4400000, 0.0000000, 0.4370000, 6.9510000,21.5000000, 6.4798000, 5.0000000,398.0000000,15.2000000,377.6800000, 5.1000000
 0.0691100,45.0000000, 3.4400000, 0.0000000, 0.4370000, 6.7390000,30.8000000, 6.4798000, 5.0000000,398.0000000,15.2000000,389.7100000, 4.6900000
 0.0866400,45.0000000, 3.4400000, 0.0000000, 0.4370000, 7.1780000,26.3000000, 6.4798000, 5.0000000,398.0000000,15.2000000,390.4900000, 2.8700000
 0.0218700,60.0000000, 2.9300000, 0.0000000, 0.4010000, 6.8000000, 9.9000000, 6.2196000, 1.0000000,265.0000000,15.6000000,393.3700000, 5.0300000
 0.0143900,60.0000000, 2.9300000, 0.0000000, 0.4010000, 6.6040000,18.8000000, 6.2196000, 1.0000000,265.0000000,15.6000000,376.7000000, 4.3800000
 0.0138100,80.0000000, 0.4600000, 0.0000000, 0.4220000, 7.8750000,32.0000000, 5.6484000, 4.0000000,255.0000000,14.4000000,394.2300000, 2.9700000
 0.0401100,80.0000000, 1.5200000, 0.0000000, 0.4040000, 7.2870000,34.1000000, 7.3090000, 2.0000000,329.0000000,12.6000000,396.9000000, 4.0800000
 0.0466600,80.0000000, 1.5200000, 0.0000000, 0.4040000, 7.1070000,36.6000000, 7.3090000, 2.0000000,329.0000000,12.6000000,354.3100000, 8.6100000
 0.0376800,80.0000000, 1.5200000, 0.0000000, 0.4040000, 7.2740000,38.3000000, 7.3090000, 2.0000000,329.0000000,12.6000000,392.2000000, 6.6200000
 0.0315000,95.0000000, 1.4700000, 0.0000000, 0.4030000, 6.9750000,15.3000000, 7.6534000, 3.0000000,402.0000000,17.0000000,396.9000000, 4.5600000
 0.0177800,95.0000000, 1.4700000, 0.0000000, 0.4030000, 7.1350000,13.9000000, 7.6534000, 3.0000000,402.0000000,17.0000000,384.3000000, 4.4500000
 0.0344500,82.5000000, 2.0300000, 0.0000000, 0.4150000, 6.1620000,38.4000000, 6.2700000, 2.0000000,348.0000000,14.7000000,393.7700000, 7.4300000
 0.0217700,82.5000000, 2.0300000, 0.0000000, 0.4150000, 7.6100000,15.7000000, 6.2700000, 2.0000000,348.0000000,14.7000000,395.3800000, 3.1100000
 0.0351000,95.0000000, 2.6800000, 0.0000000, 0.4161000, 7.8530000,33.2000000, 5.1180000, 4.0000000,224.0000000,14.7000000,392.7800000, 3.8100000
 0.0200900,95.0000000, 2.6800000, 0.0000000, 0.4161000, 8.0340000,31.9000000, 5.1180000, 4.0000000,224.0000000,14.7000000,390.5500000, 2.8800000
 0.1364200, 0.0000000,10.5900000, 0.0000000, 0.4890000, 5.8910000,22.3000000, 3.9454000, 4.0000000,277.0000000,18.6000000,396.9000000,10.8700000
 0.2296900, 0.0000000,10.5900000, 0.0000000, 0.4890000, 6.3260000,52.5000000, 4.3549000, 4.0000000,277.0000000,18.6000000,394.8700000,10.9700000
 0.2519900, 0.0000000,10.5900000, 0.0000000, 0.4890000, 5.7830000,72.7000000, 4.3549000, 4.0000000,277.0000000,18.6000000,389.4300000,18.0600000
 0.1358700, 0.0000000,10.5900000, 1.0000000, 0.4890000, 6.0640000,59.1000000, 4.2392000, 4.0000000,277.0000000,18.6000000,381.3200000,14.6600000
 0.4357100, 0.0000000,10.5900000, 1.0000000, 0.4890000, 5.3440000,100.0000000, 3.8750000, 4.0000000,277.0000000,18.6000000,396.9000000,23.0900000
 0.1744600, 0.0000000,10.5900000, 1.0000000, 0.4890000, 5.9600000,92.1000000, 3.8771000, 4.0000000,277.0000000,18.6000000,393.2500000,17.2700000
 0.3757800, 0.0000000,10.5900000, 1.0000000, 0.4890000, 5.4040000,88.6000000, 3.6650000, 4.0000000,277.0000000,18.6000000,395.2400000,23.9800000
 0.2171900, 0.0000000,10.5900000, 1.0000000, 0.4890000, 5.8070000,53.8000000, 3.6526000, 4.0000000,277.0000000,18.6000000,390.9400000,16.0300000
 0.1405200, 0.0000000,10.5900000, 0.0000000, 0.4890000, 6.3750000,32.3000000, 3.9454000, 4.0000000,277.0000000,18.6000000,385.8100000, 9.3800000
 0.2895500, 0.0000000,10.5900000, 0.0000000, 0.4890000, 5.4120000, 9.8000000, 3.5875000, 4.0000000,277.0000000,18.6000000,348.9300000,29.5500000
 0.1980200, 0.0000000,10.5900000, 0.0000000, 0.4890000, 6.1820000,42.4000000, 3.9454000, 4.0000000,277.0000000,18.6000000,393.6300000, 9.4700000
 0.0456000, 0.0000000,13.8900000, 1.0000000, 0.5500000, 5.8880000,56.0000000, 3.1121000, 5.0000000,276.0000000,16.4000000,392.8000000,13.5100000
 0.0701300, 0.0000000,13.8900000, 0.0000000, 0.5500000, 6.6420000,85.1000000, 3.4211000, 5.0000000,276.0000000,16.4000000,392.7800000, 9.6900000
 0.1106900, 0.0000000,13.8900000, 1.0000000, 0.5500000, 5.9510000,93.8000000, 2.8893000, 5.0000000,276.0000000,16.4000000,396.9000000,17.9200000
 0.1142500, 0.0000000,13.8900000, 1.0000000, 0.5500000, 6.3730000,92.4000000, 3.3633000, 5.0000000,276.0000000,16.4000000,393.7400000,10.5000000
 0.3580900, 0.0000000, 6.2000000, 1.0000000, 0.5070000, 6.9510000,88.5000000, 2.8617000, 8.0000000,307.0000000,17.4000000,391.7000000, 9.7100000
 0.4077100, 0.0000000, 6.2000000, 1.0000000, 0.5070000, 6.1640000,91.3000000, 3.0480000, 8.0000000,307.0000000,17.4000000,395.2400000,21.4600000
 0.6235600, 0.0000000, 6.2000000, 1.0000000, 0.5070000, 6.8790000,77.7000000, 3.2721000, 8.0000000,307.0000000,17.4000000,390.3900000, 9.9300000
 0.6147000, 0.0000000, 6.2000000, 0.0000000, 0.5070000, 6.6180000,80.8000000, 3.2721000, 8.0000000,307.0000000,17.4000000,396.9000000, 7.6000000
 0.3153300, 0.0000000, 6.2000000, 0.0000000, 0.5040000, 8.2660000,78.3000000, 2.8944000, 8.0000000,307.0000000,17.4000000,385.0500000, 4.1400000
 0.5269300, 0.0000000, 6.2000000, 0.0000000, 0.5040000, 8.7250000,83.0000000, 2.8944000, 8.0000000,307.0000000,17.4000000,382.0000000, 4.6300000
 0.3821400, 0.0000000, 6.2000000, 0.0000000, 0.5040000, 8.0400000,86.5000000, 3.2157000, 8.0000000,307.0000000,17.4000000,387.3800000, 3.1300000
 0.4123800, 0.0000000, 6.2000000, 0.0000000, 0.5040000, 7.1630000,79.9000000, 3.2157000, 8.0000000,307.0000000,17.4000000,372.0800000, 6.3600000
 0.2981900, 0.0000000, 6.2000000, 0.0000000, 0.5040000, 7.6860000,17.0000000, 3.3751000, 8.0000000,307.0000000,17.4000000,377.5100000, 3.9200000
 0.4417800, 0.0000000, 6.2000000, 0.0000000, 0.5040000, 6.5520000,21.4000000, 3.3751000, 8.0000000,307.0000000,17.4000000,380.3400000, 3.7600000
 0.5370000, 0.0000000, 6.2000000, 0.0000000, 0.5040000, 5.9810000,68.1000000, 3.6715000, 8.0000000,307.0000000,17.4000000,378.3500000,11.6500000
 0.4629600, 0.0000000, 6.2000000, 0.0000000, 0.5040000, 7.4120000,76.9000000, 3.6715000, 8.0000000,307.0000000,17.4000000,376.1400000, 5.2500000
 0.5752900, 0.0000000, 6.2000000, 0.0000000, 0.5070000, 8.3370000,73.3000000, 3.8384000, 8.0000000,307.0000000,17.4000000,385.9100000, 2.4700000
 0.3314700, 0.0000000, 6.2000000, 0.0000000, 0.5070000, 8.2470000,70.4000000, 3.6519000, 8.0000000,307.0000000,17.4000000,378.9500000, 3.9500000
 0.4479100, 0.0000000, 6.2000000, 1.0000000, 0.5070000, 6.7260000,66.5000000, 3.6519000, 8.0000000,307.0000000,17.4000000,360.2000000, 8.0500000
 0.3304500, 0.0000000, 6.2000000, 0.0000000, 0.5070000, 6.0860000,61.5000000, 3.6519000, 8.0000000,307.0000000,17.4000000,376.7500000,10.8800000
 0.5205800, 0.0000000, 6.2000000, 1.0000000, 0.5070000, 6.6310000,76.5000000, 4.1480000, 8.0000000,307.0000000,17.4000000,388.4500000, 9.5400000
 0.5118300, 0.0000000, 6.2000000, 0.0000000, 0.5070000, 7.3580000,71.6000000, 4.1480000, 8.0000000,307.0000000,17.4000000,390.0700000, 4.7300000
 0.0824400,30.0000000, 4.9300000, 0.0000000, 0.4280000, 6.4810000,18.5000000, 6.1899000, 6.0000000,300.0000000,16.6000000,379.4100000, 6.3600000
 0.0925200,30.0000000, 4.9300000, 0.0000000, 0.4280000, 6.6060000,42.2000000, 6.1899000, 6.0000000,300.0000000,16.6000000,383.7800000, 7.3700000
 0.1132900,30.0000000, 4.9300000, 0.0000000, 0.4280000, 6.8970000,54.3000000, 6.3361000, 6.0000000,300.0000000,16.6000000,391.2500000,11.3800000
 0.1061200,30.0000000, 4.9300000, 0.0000000, 0.4280000, 6.0950000,65.1000000, 6.3361000, 6.0000000,300.0000000,16.6000000,394.6200000,12.4000000
 0.1029000,30.0000000, 4.9300000, 0.0000000, 0.4280000, 6.3580000,52.9000000, 7.0355000, 6.0000000,300.0000000,16.6000000,372.7500000,11.2200000
 0.1275700,30.0000000, 4.9300000, 0.0000000, 0.4280000, 6.3930000, 7.8000000, 7.0355000, 6.0000000,300.0000000,16.6000000,374.7100000, 5.1900000
 0.2060800,22.0000000, 5.8600000, 0.0000000, 0.4310000, 5.5930000,76.5000000, 7.9549000, 7.0000000,330.0000000,19.1000000,372.4900000,12.5000000
 0.1913300,22.0000000, 5.8600000, 0.0000000, 0.4310000, 5.6050000,70.2000000, 7.9549000, 7.0000000,330.0000000,19.1000000,389.1300000,18.4600000
 0.3398300,22.0000000, 5.8600000, 0.0000000, 0.4310000, 6.1080000,34.9000000, 8.0555000, 7.0000000,330.0000000,19.1000000,390.1800000, 9.1600000
 0.1965700,22.0000000, 5.8600000, 0.0000000, 0.4310000, 6.2260000,79.2000000, 8.0555000, 7.0000000,330.0000000,19.1000000,376.1400000,10.1500000
 0.1643900,22.0000000, 5.8600000, 0.0000000, 0.4310000, 6.4330000,49.1000000, 7.8265000, 7.0000000,330.0000000,19.1000000,374.7100000, 9.5200000
 0.1907300,22.0000000, 5.8600000, 0.0000000, 0.4310000, 6.7180000,17.5000000, 7.8265000, 7.0000000,330.0000000,19.1000000,393.7400000, 6.5600000
 0.1403000,22.0000000, 5.8600000, 0.0000000, 0.4310000, 6.4870000,13.0000000, 7.3967000, 7.0000000,330.0000000,19.1000000,396.2800000, 5.9000000
 0.2140900,22.0000000, 5.8600000, 0.0000000, 0.4310000, 6.4380000, 8.9000000, 7.3967000, 7.0000000,330.0000000,19.1000000,377.0700000, 3.5900000
 0.0822100,22.0000000, 5.8600000, 0.0000000, 0.4310000, 6.9570000, 6.8000000, 8.9067000, 7.0000000,330.0000000,19.1000000,386.0900000, 3.5300000
 0.3689400,22.0000000, 5.8600000, 0.0000000, 0.4310000, 8.2590000, 8.4000000, 8.9067000, 7.0000000,330.0000000,19.1000000,396.9000000, 3.5400000
 0.0481900,80.0000000, 3.6400000, 0.0000000, 0.3920000, 6.1080000,32.0000000, 9.2203000, 1.0000000,315.0000000,16.4000000,392.8900000, 6.5700000
 0.0354800,80.0000000, 3.6400000, 0.0000000, 0.3920000, 5.8760000,19.1000000, 9.2203000, 1.0000000,315.0000000,16.4000000,395.1800000, 9.2500000
 0.0153800,90.0000000, 3.7500000, 0.0000000, 0.3940000, 7.4540000,34.2000000, 6.3361000, 3.0000000,244.0000000,15.9000000,386.3400000, 3.1100000
 0.6115400,20.0000000, 3.9700000, 0.0000000, 0.6470000, 8.7040000,86.9000000, 1.8010000, 5.0000000,264.0000000,13.0000000,389.7000000, 5.1200000
 0.6635100,20.0000000, 3.9700000, 0.0000000, 0.6470000, 7.3330000,100.0000000, 1.8946000, 5.0000000,264.0000000,13.0000000,383.2900000, 7.7900000
 0.6566500,20.0000000, 3.9700000, 0.0000000, 0.6470000, 6.8420000,100.0000000, 2.0107000, 5.0000000,264.0000000,13.0000000,391.9300000, 6.9000000
 0.5401100,20.0000000, 3.9700000, 0.0000000, 0.6470000, 7.2030000,81.8000000, 2.1121000, 5.0000000,264.0000000,13.0000000,392.8000000, 9.5900000
 0.5341200,20.0000000, 3.9700000, 0.0000000, 0.6470000, 7.5200000,89.4000000, 2.1398000, 5.0000000,264.0000000,13.0000000,388.3700000, 7.2600000
 0.5201400,20.0000000, 3.9700000, 0.0000000, 0.6470000, 8.3980000,91.5000000, 2.2885000, 5.0000000,264.0000000,13.0000000,386.8600000, 5.9100000
 0.8252600,20.0000000, 3.9700000, 0.0000000, 0.6470000, 7.3270000,94.5000000, 2.0788000, 5.0000000,264.0000000,13.0000000,393.4200000,11.2500000
 0.5500700,20.0000000, 3.9700000, 0.0000000, 0.6470000, 7.2060000,91.6000000, 1.9301000, 5.0000000,264.0000000,13.0000000,387.8900000, 8.1000000
 0.7616200,20.0000000, 3.9700000, 0.0000000, 0.6470000, 5.5600000,62.8000000, 1.9865000, 5.0000000,264.0000000,13.0000000,392.4000000,10.4500000
 0.7857000,20.0000000, 3.9700000, 0.0000000, 0.6470000, 7.0140000,84.6000000, 2.1329000, 5.0000000,264.0000000,13.0000000,384.0700000,14.7900000
 0.5783400,20.0000000, 3.9700000, 0.0000000, 0.5750000, 8.2970000,67.0000000, 2.4216000, 5.0000000,264.0000000,13.0000000,384.5400000, 7.4400000
 0.5405000,20.0000000, 3.9700000, 0.0000000, 0.5750000, 7.4700000,52.6000000, 2.8720000, 5.0000000,264.0000000,13.0000000,390.3000000, 3.1600000
 0.0906500,20.0000000, 6.9600000, 1.0000000, 0.4640000, 5.9200000,61.5000000, 3.9175000, 3.0000000,223.0000000,18.6000000,391.3400000,13.6500000
 0.2991600,20.0000000, 6.9600000, 0.0000000, 0.4640000, 5.8560000,42.1000000, 4.4290000, 3.0000000,223.0000000,18.6000000,388.6500000,13.0000000
 0.1621100,20.0000000, 6.9600000, 0.0000000, 0.4640000, 6.2400000,16.3000000, 4.4290000, 3.0000000,223.0000000,18.6000000,396.9000000, 6.5900000
 0.1146000,20.0000000, 6.9600000, 0.0000000, 0.4640000, 6.5380000,58.7000000, 3.9175000, 3.0000000,223.0000000,18.6000000,394.9600000, 7.7300000
 0.2218800,20.0000000, 6.9600000, 1.0000000, 0.4640000, 7.6910000,51.8000000, 4.3665000, 3.0000000,223.0000000,18.6000000,390.7700000, 6.5800000
 0.0564400,40.0000000, 6.4100000, 1.0000000, 0.4470000, 6.7580000,32.9000000, 4.0776000, 4.0000000,254.0000000,17.6000000,396.9000000, 3.5300000
 0.0960400,40.0000000, 6.4100000, 0.0000000, 0.4470000, 6.8540000,42.8000000, 4.2673000, 4.0000000,254.0000000,17.6000000,396.9000000, 2.9800000
 0.1046900,40.0000000, 6.4100000, 1.0000000, 0.4470000, 7.2670000,49.0000000, 4.7872000, 4.0000000,254.0000000,17.6000000,389.2500000, 6.0500000
 0.0612700,40.0000000, 6.4100000, 1.0000000, 0.4470000, 6.8260000,27.6000000, 4.8628000, 4.0000000,254.0000000,17.6000000,393.4500000, 4.1600000
 0.0797800,40.0000000, 6.4100000, 0.0000000, 0.4470000, 6.4820000,32.1000000, 4.1403000, 4.0000000,254.0000000,17.6000000,396.9000000, 7.1900000
 0.2103800,20.0000000, 3.3300000, 0.0000000, 0.4429000, 6.8120000,32.2000000, 4.1007000, 5.0000000,216.0000000,14.9000000,396.9000000, 4.8500000
 0.0357800,20.0000000, 3.3300000, 0.0000000, 0.4429000, 7.8200000,64.5000000, 4.6947000, 5.0000000,216.0000000,14.9000000,387.3100000, 3.7600000
 0.0370500,20.0000000, 3.3300000, 0.0000000, 0.4429000, 6.9680000,37.2000000, 5.2447000, 5.0000000,216.0000000,14.9000000,392.2300000, 4.5900000
 0.0612900,20.0000000, 3.3300000, 1.0000000, 0.4429000, 7.6450000,49.7000000, 5.2119000, 5.0000000,216.0000000,14.9000000,377.0700000, 3.0100000
 0.0150100,90.0000000, 1.2100000, 1.0000000, 0.4010000, 7.9230000,24.8000000, 5.8850000, 1.0000000,198.0000000,13.6000000,395.5200000, 3.1600000
 0.0090600,90.0000000, 2.9700000, 0.0000000, 0.4000000, 7.0880000,20.8000000, 7.3073000, 1.0000000,285.0000000,15.3000000,394.7200000, 7.8500000
 0.0109600,55.0000000, 2.2500000, 0.0000000, 0.3890000, 6.4530000,31.9000000, 7.3073000, 1.0000000,300.0000000,15.3000000,394.7200000, 8.2300000
 0.0196500,80.0000000, 1.7600000, 0.0000000, 0.3850000, 6.2300000,31.5000000, 9.0892000, 1.0000000,241.0000000,18.2000000,341.6000000,12.9300000
 0.0387100,52.5000000, 5.3200000, 0.0000000, 0.4050000, 6.2090000,31.3000000, 7.3172000, 6.0000000,293.0000000,16.6000000,396.9000000, 7.1400000
 0.0459000,52.5000000, 5.3200000, 0.0000000, 0.4050000, 6.3150000,45.6000000, 7.3172000, 6.0000000,293.0000000,16.6000000,396.9000000, 7.6000000
 0.0429700,52.5000000, 5.3200000, 0.0000000, 0.4050000, 6.5650000,22.9000000, 7.3172000, 6.0000000,293.0000000,16.6000000,371.7200000, 9.5100000
 0.0350200,80.0000000, 4.9500000, 0.0000000, 0.4110000, 6.8610000,27.9000000, 5.1167000, 4.0000000,245.0000000,19.2000000,396.9000000, 3.3300000
 0.0788600,80.0000000, 4.9500000, 0.0000000, 0.4110000, 7.1480000,27.7000000, 5.1167000, 4.0000000,245.0000000,19.2000000,396.9000000, 3.5600000
 0.0361500,80.0000000, 4.9500000, 0.0000000, 0.4110000, 6.6300000,23.4000000, 5.1167000, 4.0000000,245.0000000,19.2000000,396.9000000, 4.7000000
 0.0826500, 0.0000000,13.9200000, 0.0000000, 0.4370000, 6.1270000,18.4000000, 5.5027000, 4.0000000,289.0000000,16.0000000,396.9000000, 8.5800000
 0.0819900, 0.0000000,13.9200000, 0.0000000, 0.4370000, 6.0090000,42.3000000, 5.5027000, 4.0000000,289.0000000,16.0000000,396.9000000,10.4000000
 0.1293200, 0.0000000,13.9200000, 0.0000000, 0.4370000, 6.6780000,31.1000000, 5.9604000, 4.0000000,289.0000000,16.0000000,396.9000000, 6.2700000
 0.0537200, 0.0000000,13.9200000, 0.0000000, 0.4370000, 6.5490000,51.0000000, 5.9604000, 4.0000000,289.0000000,16.0000000,392.8500000, 7.3900000
 0.1410300, 0.0000000,13.9200000, 0.0000000, 0.4370000, 5.7900000,58.0000000, 6.3200000, 4.0000000,289.0000000,16.0000000,396.9000000,15.8400000
 0.0646600,70.0000000, 2.2400000, 0.0000000, 0.4000000, 6.3450000,20.1000000, 7.8278000, 5.0000000,358.0000000,14.8000000,368.2400000, 4.9700000
 0.0556100,70.0000000, 2.2400000, 0.0000000, 0.4000000, 7.0410000,10.0000000, 7.8278000, 5.0000000,358.0000000,14.8000000,371.5800000, 4.7400000
 0.0441700,70.0000000, 2.2400000, 0.0000000, 0.4000000, 6.8710000,47.4000000, 7.8278000, 5.0000000,358.0000000,14.8000000,390.8600000, 6.0700000
 0.0353700,34.0000000, 6.0900000, 0.0000000, 0.4330000, 6.5900000,40.4000000, 5.4917000, 7.0000000,329.0000000,16.1000000,395.7500000, 9.5000000
 0.0926600,34.0000000, 6.0900000, 0.0000000, 0.4330000, 6.4950000,18.4000000, 5.4917000, 7.0000000,329.0000000,16.1000000,383.6100000, 8.6700000
 0.1000000,34.0000000, 6.0900000, 0.0000000, 0.4330000, 6.9820000,17.7000000, 5.4917000, 7.0000000,329.0000000,16.1000000,390.4300000, 4.8600000
 0.0551500,33.0000000, 2.1800000, 0.0000000, 0.4720000, 7.2360000,41.1000000, 4.0220000, 7.0000000,222.0000000,18.4000000,393.6800000, 6.9300000
 0.0547900,33.0000000, 2.1800000, 0.0000000, 0.4720000, 6.6160000,58.1000000, 3.3700000, 7.0000000,222.0000000,18.4000000,393.3600000, 8.9300000
 0.0750300,33.0000000, 2.1800000, 0.0000000, 0.4720000, 7.4200000,71.9000000, 3.0992000, 7.0000000,222.0000000,18.4000000,396.9000000, 6.4700000
 0.0493200,33.0000000, 2.1800000, 0.0000000, 0.4720000, 6.8490000,70.3000000, 3.1827000, 7.0000000,222.0000000,18.4000000,396.9000000, 7.5300000
 0.4929800, 0.0000000, 9.9000000, 0.0000000, 0.5440000, 6.6350000,82.5000000, 3.3175000, 4.0000000,304.0000000,18.4000000,396.9000000, 4.5400000
 0.3494000, 0.0000000, 9.9000000, 0.0000000, 0.5440000, 5.9720000,76.7000000, 3.1025000, 4.0000000,304.0000000,18.4000000,396.2400000, 9.9700000
 2.6354800, 0.0000000, 9.9000000, 0.0000000, 0.5440000, 4.9730000,37.8000000, 2.5194000, 4.0000000,304.0000000,18.4000000,350.4500000,12.6400000
 0.7904100, 0.0000000, 9.9000000, 0.0000000, 0.5440000, 6.1220000,52.8000000, 2.6403000, 4.0000000,304.0000000,18.4000000,396.9000000, 5.9800000
 0.2616900, 0.0000000, 9.9000000, 0.0000000, 0.5440000, 6.0230000,90.4000000, 2.8340000, 4.0000000,304.0000000,18.4000000,396.3000000,11.7200000
 0.2693800, 0.0000000, 9.9000000, 0.0000000, 0.5440000, 6.2660000,82.8000000, 3.2628000, 4.0000000,304.0000000,18.4000000,393.3900000, 7.9000000
 0.3692000, 0.0000000, 9.9000000, 0.0000000, 0.5440000, 6.5670000,87.3000000, 3.6023000, 4.0000000,304.0000000,18.4000000,395.6900000, 9.2800000
 0.2535600, 0.0000000, 9.9000000, 0.0000000, 0.5440000, 5.7050000,77.7000000, 3.9450000, 4.0000000,304.0000000,18.4000000,396.4200000,11.5000000
 0.3182700, 0.0000000, 9.9000000, 0.0000000, 0.5440000, 5.9140000,83.2000000, 3.9986000, 4.0000000,304.0000000,18.4000000,390.7000000,18.3300000
 0.2452200, 0.0000000, 9.9000000, 0.0000000, 0.5440000, 5.7820000,71.7000000, 4.0317000, 4.0000000,304.0000000,18.4000000,396.9000000,15.9400000
 0.4020200, 0.0000000, 9.9000000, 0.0000000, 0.5440000, 6.3820000,67.2000000, 3.5325000, 4.0000000,304.0000000,18.4000000,395.2100000,10.3600000
 0.4754700, 0.0000000, 9.9000000, 0.0000000, 0.5440000, 6.1130000,58.8000000, 4.0019000, 4.0000000,304.0000000,18.4000000,396.2300000,12.7300000
 0.1676000, 0.0000000, 7.3800000, 0.0000000, 0.4930000, 6.4260000,52.3000000, 4.5404000, 5.0000000,287.0000000,19.6000000,396.9000000, 7.2000000
 0.1815900, 0.0000000, 7.3800000, 0.0000000, 0.4930000, 6.3760000,54.3000000, 4.5404000, 5.0000000,287.0000000,19.6000000,396.9000000, 6.8700000
 0.3511400, 0.0000000, 7.3800000, 0.0000000, 0.4930000, 6.0410000,49.9000000, 4.7211000, 5.0000000,287.0000000,19.6000000,396.9000000, 7.7000000
 0.2839200, 0.0000000, 7.3800000, 0.0000000, 0.4930000, 5.7080000,74.3000000, 4.7211000, 5.0000000,287.0000000,19.6000000,391.1300000,11.7400000
 0.3410900, 0.0000000, 7.3800000, 0.0000000, 0.4930000, 6.4150000,40.1000000, 4.7211000, 5.0000000,287.0000000,19.6000000,396.9000000, 6.1200000
 0.1918600, 0.0000000, 7.3800000, 0.0000000, 0.4930000, 6.4310000,14.7000000, 5.4159000, 5.0000000,287.0000000,19.6000000,393.6800000, 5.0800000
 0.3034700, 0.0000000, 7.3800000, 0.0000000, 0.4930000, 6.3120000,28.9000000, 5.4159000, 5.0000000,287.0000000,19.6000000,396.9000000, 6.1500000
 0.2410300, 0.0000000, 7.3800000, 0.0000000, 0.4930000, 6.0830000,43.7000000, 5.4159000, 5.0000000,287.0000000,19.6000000,396.9000000,12.7900000
 0.0661700, 0.0000000, 3.2400000, 0.0000000, 0.4600000, 5.8680000,25.8000000, 5.2146000, 4.0000000,430.0000000,16.9000000,382.4400000, 9.9700000
 0.0672400, 0.0000000, 3.2400000, 0.0000000, 0.4600000, 6.3330000,17.2000000, 5.2146000, 4.0000000,430.0000000,16.9000000,375.2100000, 7.3400000
 0.0454400, 0.0000000, 3.2400000, 0.0000000, 0.4600000, 6.1440000,32.2000000, 5.8736000, 4.0000000,430.0000000,16.9000000,368.5700000, 9.0900000
 0.0502300,35.0000000, 6.0600000, 0.0000000, 0.4379000, 5.7060000,28.4000000, 6.6407000, 1.0000000,304.0000000,16.9000000,394.0200000,12.4300000
 0.0346600,35.0000000, 6.0600000, 0.0000000, 0.4379000, 6.0310000,23.3000000, 6.6407000, 1.0000000,304.0000000,16.9000000,362.2500000, 7.8300000
 0.0508300, 0.0000000, 5.1900000, 0.0000000, 0.5150000, 6.3160000,38.1000000, 6.4584000, 5.0000000,224.0000000,20.2000000,389.7100000, 5.6800000
 0.0373800, 0.0000000, 5.1900000, 0.0000000, 0.5150000, 6.3100000,38.5000000, 6.4584000, 5.0000000,224.0000000,20.2000000,389.4000000, 6.7500000
 0.0396100, 0.0000000, 5.1900000, 0.0000000, 0.5150000, 6.0370000,34.5000000, 5.9853000, 5.0000000,224.0000000,20.2000000,396.9000000, 8.0100000
 0.0342700, 0.0000000, 5.1900000, 0.0000000, 0.5150000, 5.8690000,46.3000000, 5.2311000, 5.0000000,224.0000000,20.2000000,396.9000000, 9.8000000
 0.0304100, 0.0000000, 5.1900000, 0.0000000, 0.5150000, 5.8950000,59.6000000, 5.6150000, 5.0000000,224.0000000,20.2000000,394.8100000,10.5600000
 0.0330600, 0.0000000, 5.1900000, 0.0000000, 0.5150000, 6.0590000,37.3000000, 4.8122000, 5.0000000,224.0000000,20.2000000,396.1400000, 8.5100000
 0.0549700, 0.0000000, 5.1900000, 0.0000000, 0.5150000, 5.9850000,45.4000000, 4.8122000, 5.0000000,224.0000000,20.2000000,396.9000000, 9.7400000
 0.0615100, 0.0000000, 5.1900000, 0.0000000, 0.5150000, 5.9680000,58.5000000, 4.8122000, 5.0000000,224.0000000,20.2000000,396.9000000, 9.2900000
 0.0130100,35.0000000, 1.5200000, 0.0000000, 0.4420000, 7.2410000,49.3000000, 7.0379000, 1.0000000,284.0000000,15.5000000,394.7400000, 5.4900000
 0.0249800, 0.0000000, 1.8900000, 0.0000000, 0.5180000, 6.5400000,59.7000000, 6.2669000, 1.0000000,422.0000000,15.9000000,389.9600000, 8.6500000
 0.0254300,55.0000000, 3.7800000, 0.0000000, 0.4840000, 6.6960000,56.4000000, 5.7321000, 5.0000000,370.0000000,17.6000000,396.9000000, 7.1800000
 0.0304900,55.0000000, 3.7800000, 0.0000000, 0.4840000, 6.8740000,28.1000000, 6.4654000, 5.0000000,370.0000000,17.6000000,387.9700000, 4.6100000
 0.0311300, 0.0000000, 4.3900000, 0.0000000, 0.4420000, 6.0140000,48.5000000, 8.0136000, 3.0000000,352.0000000,18.8000000,385.6400000,10.5300000
 0.0616200, 0.0000000, 4.3900000, 0.0000000, 0.4420000, 5.8980000,52.3000000, 8.0136000, 3.0000000,352.0000000,18.8000000,364.6100000,12.6700000
 0.0187000,85.0000000, 4.1500000, 0.0000000, 0.4290000, 6.5160000,27.7000000, 8.5353000, 4.0000000,351.0000000,17.9000000,392.4300000, 6.3600000
 0.0150100,80.0000000, 2.0100000, 0.0000000, 0.4350000, 6.6350000,29.7000000, 8.3440000, 4.0000000,280.0000000,17.0000000,390.9400000, 5.9900000
 0.0289900,40.0000000, 1.2500000, 0.0000000, 0.4290000, 6.9390000,34.5000000, 8.7921000, 1.0000000,335.0000000,19.7000000,389.8500000, 5.8900000
 0.0621100,40.0000000, 1.2500000, 0.0000000, 0.4290000, 6.4900000,44.4000000, 8.7921000, 1.0000000,335.0000000,19.7000000,396.9000000, 5.9800000
 0.0795000,60.0000000, 1.6900000, 0.0000000, 0.4110000, 6.5790000,35.9000000,10.7103000, 4.0000000,411.0000000,18.3000000,370.7800000, 5.4900000
 0.0724400,60.0000000, 1.6900000, 0.0000000, 0.4110000, 5.8840000,18.5000000,10.7103000, 4.0000000,411.0000000,18.3000000,392.3300000, 7.7900000
 0.0170900,90.0000000, 2.0200000, 0.0000000, 0.4100000, 6.7280000,36.1000000,12.1265000, 5.0000000,187.0000000,17.0000000,384.4600000, 4.5000000
 0.0430100,80.0000000, 1.9100000, 0.0000000, 0.4130000, 5.6630000,21.9000000,10.5857000, 4.0000000,334.0000000,22.0000000,382.8000000, 8.0500000
 0.1065900,80.0000000, 1.9100000, 0.0000000, 0.4130000, 5.9360000,19.5000000,10.5857000, 4.0000000,334.0000000,22.0000000,376.0400000, 5.5700000
 8.9829600, 0.0000000,18.1000000, 1.0000000, 0.7700000, 6.2120000,97.4000000, 2.1222000,24.0000000,666.0000000,20.2000000,377.7300000,17.6000000
 3.8497000, 0.0000000,18.1000000, 1.0000000, 0.7700000, 6.3950000,91.0000000, 2.5052000,24.0000000,666.0000000,20.2000000,391.3400000,13.2700000
 5.2017700, 0.0000000,18.1000000, 1.0000000, 0.7700000, 6.1270000,83.4000000, 2.7227000,24.0000000,666.0000000,20.2000000,395.4300000,11.4800000
 4.2613100, 0.0000000,18.1000000, 0.0000000, 0.7700000, 6.1120000,81.3000000, 2.5091000,24.0000000,666.0000000,20.2000000,390.7400000,12.6700000
 4.5419200, 0.0000000,18.1000000, 0.0000000, 0.7700000, 6.3980000,88.0000000, 2.5182000,24.0000000,666.0000000,20.2000000,374.5600000, 7.7900000
 3.8368400, 0.0000000,18.1000000, 0.0000000, 0.7700000, 6.2510000,91.1000000, 2.2955000,24.0000000,666.0000000,20.2000000,350.6500000,14.1900000
 3.6782200, 0.0000000,18.1000000, 0.0000000, 0.7700000, 5.3620000,96.2000000, 2.1036000,24.0000000,666.0000000,20.2000000,380.7900000,10.1900000
 4.2223900, 0.0000000,18.1000000, 1.0000000, 0.7700000, 5.8030000,89.0000000, 1.9047000,24.0000000,666.0000000,20.2000000,353.0400000,14.6400000
 3.4742800, 0.0000000,18.1000000, 1.0000000, 0.7180000, 8.7800000,82.9000000, 1.9047000,24.0000000,666.0000000,20.2000000,354.5500000, 5.2900000
 4.5558700, 0.0000000,18.1000000, 0.0000000, 0.7180000, 3.5610000,87.9000000, 1.6132000,24.0000000,666.0000000,20.2000000,354.7000000, 7.1200000
 3.6969500, 0.0000000,18.1000000, 0.0000000, 0.7180000, 4.9630000,91.4000000, 1.7523000,24.0000000,666.0000000,20.2000000,316.0300000,14.0000000
13.5222000, 0.0000000,18.1000000, 0.0000000, 0.6310000, 3.8630000,100.0000000, 1.5106000,24.0000000,666.0000000,20.2000000,131.4200000,13.3300000
 4.8982200, 0.0000000,18.1000000, 0.0000000, 0.6310000, 4.9700000,100.0000000, 1.3325000,24.0000000,666.0000000,20.2000000,375.5200000, 3.2600000
 5.6699800, 0.0000000,18.1000000, 1.0000000, 0.6310000, 6.6830000,96.8000000, 1.3567000,24.0000000,666.0000000,20.2000000,375.3300000, 3.7300000
 6.5387600, 0.0000000,18.1000000, 1.0000000, 0.6310000, 7.0160000,97.5000000, 1.2024000,24.0000000,666.0000000,20.2000000,392.0500000, 2.9600000
 9.2323000, 0.0000000,18.1000000, 0.0000000, 0.6310000, 6.2160000,100.0000000, 1.1691000,24.0000000,666.0000000,20.2000000,366.1500000, 9.5300000
 8.2672500, 0.0000000,18.1000000, 1.0000000, 0.6680000, 5.8750000,89.6000000, 1.1296000,24.0000000,666.0000000,20.2000000,347.8800000, 8.8800000
11.1081000, 0.0000000,18.1000000, 0.0000000, 0.6680000, 4.9060000,100.0000000, 1.1742000,24.0000000,666.0000000,20.2000000,396.9000000,34.7700000
18.4982000, 0.0000000,18.1000000, 0.0000000, 0.6680000, 4.1380000,100.0000000, 1.1370000,24.0000000,666.0000000,20.2000000,396.9000000,37.9700000
19.6091000, 0.0000000,18.1000000, 0.0000000, 0.6710000, 7.3130000,97.9000000, 1.3163000,24.0000000,666.0000000,20.2000000,396.9000000,13.4400000
15.2880000, 0.0000000,18.1000000, 0.0000000, 0.6710000, 6.6490000,93.3000000, 1.3449000,24.0000000,666.0000000,20.2000000,363.0200000,23.2400000
 9.8234900, 0.0000000,18.1000000, 0.0000000, 0.6710000, 6.7940000,98.8000000, 1.3580000,24.0000000,666.0000000,20.2000000,396.9000000,21.2400000
23.6482000, 0.0000000,18.1000000, 0.0000000, 0.6710000, 6.3800000,96.2000000, 1.3861000,24.0000000,666.0000000,20.2000000,396.9000000,23.6900000
17.8667000, 0.0000000,18.1000000, 0.0000000, 0.6710000, 6.2230000,100.0000000, 1.3861000,24.0000000,666.0000000,20.2000000,393.7400000,21.7800000
88.9762000, 0.0000000,18.1000000, 0.0000000, 0.6710000, 6.9680000,91.9000000, 1.4165000,24.0000000,666.0000000,20.2000000,396.9000000,17.2100000
15.8744000, 0.0000000,18.1000000, 0.0000000, 0.6710000, 6.5450000,99.1000000, 1.5192000,24.0000000,666.0000000,20.2000000,396.9000000,21.0800000
 9.1870200, 0.0000000,18.1000000, 0.0000000, 0.7000000, 5.5360000,100.0000000, 1.5804000,24.0000000,666.0000000,20.2000000,396.9000000,23.6000000
 7.9924800, 0.0000000,18.1000000, 0.0000000, 0.7000000, 5.5200000,100.0000000, 1.5331000,24.0000000,666.0000000,20.2000000,396.9000000,24.5600000
20.0849000, 0.0000000,18.1000000, 0.0000000, 0.7000000, 4.3680000,91.2000000, 1.4395000,24.0000000,666.0000000,20.2000000,285.8300000,30.6300000
16.8118000, 0.0000000,18.1000000, 0.0000000, 0.7000000, 5.2770000,98.1000000, 1.4261000,24.0000000,666.0000000,20.2000000,396.9000000,30.8100000
24.3938000, 0.0000000,18.1000000, 0.0000000, 0.7000000, 4.6520000,100.0000000, 1.4672000,24.0000000,666.0000000,20.2000000,396.9000000,28.2800000
22.5971000, 0.0000000,18.1000000, 0.0000000, 0.7000000, 5.0000000,89.5000000, 1.5184000,24.0000000,666.0000000,20.2000000,396.9000000,31.9900000
14.3337000, 0.0000000,18.1000000, 0.0000000, 0.7000000, 4.8800000,100.0000000, 1.5895000,24.0000000,666.0000000,20.2000000,372.9200000,30.6200000
 8.1517400, 0.0000000,18.1000000, 0.0000000, 0.7000000, 5.3900000,98.9000000, 1.7281000,24.0000000,666.0000000,20.2000000,396.9000000,20.8500000
 6.9621500, 0.0000000,18.1000000, 0.0000000, 0.7000000, 5.7130000,97.0000000, 1.9265000,24.0000000,666.0000000,20.2000000,394.4300000,17.1100000
 5.2930500, 0.0000000,18.1000000, 0.0000000, 0.7000000, 6.0510000,82.5000000, 2.1678000,24.0000000,666.0000000,20.2000000,378.3800000,18.7600000
11.5779000, 0.0000000,18.1000000, 0.0000000, 0.7000000, 5.0360000,97.0000000, 1.7700000,24.0000000,666.0000000,20.2000000,396.9000000,25.6800000
 8.6447600, 0.0000000,18.1000000, 0.0000000, 0.6930000, 6.1930000,92.6000000, 1.7912000,24.0000000,666.0000000,20.2000000,396.9000000,15.1700000
13.3598000, 0.0000000,18.1000000, 0.0000000, 0.6930000, 5.8870000,94.7000000, 1.7821000,24.0000000,666.0000000,20.2000000,396.9000000,16.3500000
 8.7167500, 0.0000000,18.1000000, 0.0000000, 0.6930000, 6.4710000,98.8000000, 1.7257000,24.0000000,666.0000000,20.2000000,391.9800000,17.1200000
 5.8720500, 0.0000000,18.1000000, 0.0000000, 0.6930000, 6.4050000,96.0000000, 1.6768000,24.0000000,666.0000000,20.2000000,396.9000000,19.3700000
 7.6720200, 0.0000000,18.1000000, 0.0000000, 0.6930000, 5.7470000,98.9000000, 1.6334000,24.0000000,666.0000000,20.2000000,393.1000000,19.9200000
38.3518000, 0.0000000,18.1000000, 0.0000000, 0.6930000, 5.4530000,100.0000000, 1.4896000,24.0000000,666.0000000,20.2000000,396.9000000,30.5900000
 9.9165500, 0.0000000,18.1000000, 0.0000000, 0.6930000, 5.8520000,77.8000000, 1.5004000,24.0000000,666.0000000,20.2000000,338.1600000,29.9700000
25.0461000, 0.0000000,18.1000000, 0.0000000, 0.6930000, 5.9870000,100.0000000, 1.5888000,24.0000000,666.0000000,20.2000000,396.9000000,26.7700000
14.2362000, 0.0000000,18.1000000, 0.0000000, 0.6930000, 6.3430000,100.0000000, 1.5741000,24.0000000,666.0000000,20.2000000,396.9000000,20.3200000
 9.5957100, 0.0000000,18.1000000, 0.0000000, 0.6930000, 6.4040000,100.0000000, 1.6390000,24.0000000,666.0000000,20.2000000,376.1100000,20.3100000
24.8017000, 0.0000000,18.1000000, 0.0000000, 0.6930000, 5.3490000,96.0000000, 1.7028000,24.0000000,666.0000000,20.2000000,396.9000000,19.7700000
41.5292000, 0.0000000,18.1000000, 0.0000000, 0.6930000, 5.5310000,85.4000000, 1.6074000,24.0000000,666.0000000,20.2000000,329.4600000,27.3800000
67.9208000, 0.0000000,18.1000000, 0.0000000, 0.6930000, 5.6830000,100.0000000, 1.4254000,24.0000000,666.0000000,20.2000000,384.9700000,22.9800000
20.7162000, 0.0000000,18.1000000, 0.0000000, 0.6590000, 4.1380000,100.0000000, 1.1781000,24.0000000,666.0000000,20.2000000,370.2200000,23.3400000
11.9511000, 0.0000000,18.1000000, 0.0000000, 0.6590000, 5.6080000,100.0000000, 1.2852000,24.0000000,666.0000000,20.2000000,332.0900000,12.1300000
 7.4038900, 0.0000000,18.1000000, 0.0000000, 0.5970000, 5.6170000,97.9000000, 1.4547000,24.0000000,666.0000000,20.2000000,314.6400000,26.4000000
14.4383000, 0.0000000,18.1000000, 0.0000000, 0.5970000, 6.8520000,100.0000000, 1.4655000,24.0000000,666.0000000,20.2000000,179.3600000,19.7800000
51.1358000, 0.0000000,18.1000000, 0.0000000, 0.5970000, 5.7570000,100.0000000, 1.4130000,24.0000000,666.0000000,20.2000000, 2.6000000,10.1100000
14.0507000, 0.0000000,18.1000000, 0.0000000, 0.5970000, 6.6570000,100.0000000, 1.5275000,24.0000000,666.0000000,20.2000000,35.0500000,21.2200000
18.8110000, 0.0000000,18.1000000, 0.0000000, 0.5970000, 4.6280000,100.0000000, 1.5539000,24.0000000,666.0000000,20.2000000,28.7900000,34.3700000
28.6558000, 0.0000000,18.1000000, 0.0000000, 0.5970000, 5.1550000,100.0000000, 1.5894000,24.0000000,666.0000000,20.2000000,210.9700000,20.0800000
45.7461000, 0.0000000,18.1000000, 0.0000000, 0.6930000, 4.5190000,100.0000000, 1.6582000,24.0000000,666.0000000,20.2000000,88.2700000,36.9800000
18.0846000, 0.0000000,18.1000000, 0.0000000, 0.6790000, 6.4340000,100.0000000, 1.8347000,24.0000000,666.0000000,20.2000000,27.2500000,29.0500000
10.8342000, 0.0000000,18.1000000, 0.0000000, 0.6790000, 6.7820000,90.8000000, 1.8195000,24.0000000,666.0000000,20.2000000,21.5700000,25.7900000
25.9406000, 0.0000000,18.1000000, 0.0000000, 0.6790000, 5.3040000,89.1000000, 1.6475000,24.0000000,666.0000000,20.2000000,127.3600000,26.6400000
73.5341000, 0.0000000,18.1000000, 0.0000000, 0.6790000, 5.9570000,100.0000000, 1.8026000,24.0000000,666.0000000,20.2000000,16.4500000,20.6200000
11.8123000, 0.0000000,18.1000000, 0.0000000, 0.7180000, 6.8240000,76.5000000, 1.7940000,24.0000000,666.0000000,20.2000000,48.4500000,22.7400000
11.0874000, 0.0000000,18.1000000, 0.0000000, 0.7180000, 6.4110000,100.0000000, 1.8589000,24.0000000,666.0000000,20.2000000,318.7500000,15.0200000
 7.0225900, 0.0000000,18.1000000, 0.0000000, 0.7180000, 6.0060000,95.3000000, 1.8746000,24.0000000,666.0000000,20.2000000,319.9800000,15.7000000
12.0482000, 0.0000000,18.1000000, 0.0000000, 0.6140000, 5.6480000,87.6000000, 1.9512000,24.0000000,666.0000000,20.2000000,291.5500000,14.1000000
 7.0504200, 0.0000000,18.1000000, 0.0000000, 0.6140000, 6.1030000,85.1000000, 2.0218000,24.0000000,666.0000000,20.2000000, 2.5200000,23.2900000
 8.7921200, 0.0000000,18.1000000, 0.0000000, 0.5840000, 5.5650000,70.6000000, 2.0635000,24.0000000,666.0000000,20.2000000, 3.6500000,17.1600000
15.8603000, 0.0000000,18.1000000, 0.0000000, 0.6790000, 5.8960000,95.4000000, 1.9096000,24.0000000,666.0000000,20.2000000, 7.6800000,24.3900000
12.2472000, 0.0000000,18.1000000, 0.0000000, 0.5840000, 5.8370000,59.7000000, 1.9976000,24.0000000,666.0000000,20.2000000,24.6500000,15.6900000
37.6619000, 0.0000000,18.1000000, 0.0000000, 0.6790000, 6.2020000,78.7000000, 1.8629000,24.0000000,666.0000000,20.2000000,18.8200000,14.5200000
 7.3671100, 0.0000000,18.1000000, 0.0000000, 0.6790000, 6.1930000,78.1000000, 1.9356000,24.0000000,666.0000000,20.2000000,96.7300000,21.5200000
 9.3388900, 0.0000000,18.1000000, 0.0000000, 0.6790000, 6.3800000,95.6000000, 1.9682000,24.0000000,666.0000000,20.2000000,60.7200000,24.0800000
 8.4921300, 0.0000000,18.1000000, 0.0000000, 0.5840000, 6.3480000,86.1000000, 2.0527000,24.0000000,666.0000000,20.2000000,83.4500000,17.6400000
10.0623000, 0.0000000,18.1000000, 0.0000000, 0.5840000, 6.8330000,94.3000000, 2.0882000,24.0000000,666.0000000,20.2000000,81.3300000,19.6900000
 6.4440500, 0.0000000,18.1000000, 0.0000000, 0.5840000, 6.4250000,74.8000000, 2.2004000,24.0000000,666.0000000,20.2000000,97.9500000,12.0300000
 5.5810700, 0.0000000,18.1000000, 0.0000000, 0.7130000, 6.4360000,87.9000000, 2.3158000,24.0000000,666.0000000,20.2000000,100.1900000,16.2200000
13.9134000, 0.0000000,18.1000000, 0.0000000, 0.7130000, 6.2080000,95.0000000, 2.2222000,24.0000000,666.0000000,20.2000000,100.6300000,15.1700000
11.1604000, 0.0000000,18.1000000, 0.0000000, 0.7400000, 6.6290000,94.6000000, 2.1247000,24.0000000,666.0000000,20.2000000,109.8500000,23.2700000
14.4208000, 0.0000000,18.1000000, 0.0000000, 0.7400000, 6.4610000,93.3000000, 2.0026000,24.0000000,666.0000000,20.2000000,27.4900000,18.0500000
15.1772000, 0.0000000,18.1000000, 0.0000000, 0.7400000, 6.1520000,100.0000000, 1.9142000,24.0000000,666.0000000,20.2000000, 9.3200000,26.4500000
13.6781000, 0.0000000,18.1000000, 0.0000000, 0.7400000, 5.9350000,87.9000000, 1.8206000,24.0000000,666.0000000,20.2000000,68.9500000,34.0200000
 9.3906300, 0.0000000,18.1000000, 0.0000000, 0.7400000, 5.6270000,93.9000000, 1.8172000,24.0000000,666.0000000,20.2000000,396.9000000,22.8800000
22.0511000, 0.0000000,18.1000000, 0.0000000, 0.7400000, 5.8180000,92.4000000, 1.8662000,24.0000000,666.0000000,20.2000000,391.4500000,22.1100000
 9.7241800, 0.0000000,18.1000000, 0.0000000, 0.7400000, 6.4060000,97.2000000, 2.0651000,24.0000000,666.0000000,20.2000000,385.9600000,19.5200000
 5.6663700, 0.0000000,18.1000000, 0.0000000, 0.7400000, 6.2190000,100.0000000, 2.0048000,24.0000000,666.0000000,20.2000000,395.6900000,16.5900000
 9.9665400, 0.0000000,18.1000000, 0.0000000, 0.7400000, 6.4850000,100.0000000, 1.9784000,24.0000000,666.0000000,20.2000000,386.7300000,18.8500000
12.8023000, 0.0000000,18.1000000, 0.0000000, 0.7400000, 5.8540000,96.6000000, 1.8956000,24.0000000,666.0000000,20.2000000,240.5200000,23.7900000
10.6718000, 0.0000000,18.1000000, 0.0000000, 0.7400000, 6.4590000,94.8000000, 1.9879000,24.0000000,666.0000000,20.2000000,43.0600000,23.9800000
 6.2880700, 0.0000000,18.1000000, 0.0000000, 0.7400000, 6.3410000,96.4000000, 2.0720000,24.0000000,666.0000000,20.2000000,318.0100000,17.7900000
 9.9248500, 0.0000000,18.1000000, 0.0000000, 0.7400000, 6.2510000,96.6000000, 2.1980000,24.0000000,666.0000000,20.2000000,388.5200000,16.4400000
 9.3290900, 0.0000000,18.1000000, 0.0000000, 0.7130000, 6.1850000,98.7000000, 2.2616000,24.0000000,666.0000000,20.2000000,396.9000000,18.1300000
 7.5260100, 0.0000000,18.1000000, 0.0000000, 0.7130000, 6.4170000,98.3000000, 2.1850000,24.0000000,666.0000000,20.2000000,304.2100000,19.3100000
 6.7177200, 0.0000000,18.1000000, 0.0000000, 0.7130000, 6.7490000,92.6000000, 2.3236000,24.0000000,666.0000000,20.2000000, 0.3200000,17.4400000
 5.4411400, 0.0000000,18.1000000, 0.0000000, 0.7130000, 6.6550000,98.2000000, 2.3552000,24.0000000,666.0000000,20.2000000,355.2900000,17.7300000
 5.0901700, 0.0000000,18.1000000, 0.0000000, 0.7130000, 6.2970000,91.8000000, 2.3682000,24.0000000,666.0000000,20.2000000,385.0900000,17.2700000
 8.2480900, 0.0000000,18.1000000, 0.0000000, 0.7130000, 7.3930000,99.3000000, 2.4527000,24.0000000,666.0000000,20.2000000,375.8700000,16.7400000
 9.5136300, 0.0000000,18.1000000, 0.0000000, 0.7130000, 6.7280000,94.1000000, 2.4961000,24.0000000,666.0000000,20.2000000, 6.6800000,18.7100000
 4.7523700, 0.0000000,18.1000000, 0.0000000, 0.7130000, 6.5250000,86.5000000, 2.4358000,24.0000000,666.0000000,20.2000000,50.9200000,18.1300000
 4.6688300, 0.0000000,18.1000000, 0.0000000, 0.7130000, 5.9760000,87.9000000, 2.5806000,24.0000000,666.0000000,20.2000000,10.4800000,19.0100000
 8.2005800, 0.0000000,18.1000000, 0.0000000, 0.7130000, 5.9360000,80.3000000, 2.7792000,24.0000000,666.0000000,20.2000000, 3.5000000,16.9400000
 7.7522300, 0.0000000,18.1000000, 0.0000000, 0.7130000, 6.3010000,83.7000000, 2.7831000,24.0000000,666.0000000,20.2000000,272.2100000,16.2300000
 6.8011700, 0.0000000,18.1000000, 0.0000000, 0.7130000, 6.0810000,84.4000000, 2.7175000,24.0000000,666.0000000,20.2000000,396.9000000,14.7000000
 4.8121300, 0.0000000,18.1000000, 0.0000000, 0.7130000, 6.7010000,90.0000000, 2.5975000,24.0000000,666.0000000,20.2000000,255.2300000,16.4200000
 3.6931100, 0.0000000,18.1000000, 0.0000000, 0.7130000, 6.3760000,88.4000000, 2.5671000,24.0000000,666.0000000,20.2000000,391.4300000,14.6500000
 6.6549200, 0.0000000,18.1000000, 0.0000000, 0.7130000, 6.3170000,83.0000000, 2.7344000,24.0000000,666.0000000,20.2000000,396.9000000,13.9900000
 5.8211500, 0.0000000,18.1000000, 0.0000000, 0.7130000, 6.5130000,89.9000000, 2.8016000,24.0000000,666.0000000,20.2000000,393.8200000,10.2900000
 7.8393200, 0.0000000,18.1000000, 0.0000000, 0.6550000, 6.2090000,65.4000000, 2.9634000,24.0000000,666.0000000,20.2000000,396.9000000,13.2200000
 3.1636000, 0.0000000,18.1000000, 0.0000000, 0.6550000, 5.7590000,48.2000000, 3.0665000,24.0000000,666.0000000,20.2000000,334.4000000,14.1300000
 3.7749800, 0.0000000,18.1000000, 0.0000000, 0.6550000, 5.9520000,84.7000000, 2.8715000,24.0000000,666.0000000,20.2000000,22.0100000,17.1500000
 4.4222800, 0.0000000,18.1000000, 0.0000000, 0.5840000, 6.0030000,94.5000000, 2.5403000,24.0000000,666.0000000,20.2000000,331.2900000,21.3200000
15.5757000, 0.0000000,18.1000000, 0.0000000, 0.5800000, 5.9260000,71.0000000, 2.9084000,24.0000000,666.0000000,20.2000000,368.7400000,18.1300000
13.0751000, 0.0000000,18.1000000, 0.0000000, 0.5800000, 5.7130000,56.7000000, 2.8237000,24.0000000,666.0000000,20.2000000,396.9000000,14.7600000
 4.3487900, 0.0000000,18.1000000, 0.0000000, 0.5800000, 6.1670000,84.0000000, 3.0334000,24.0000000,666.0000000,20.2000000,396.9000000,16.2900000
 4.0384100, 0.0000000,18.1000000, 0.0000000, 0.5320000, 6.2290000,90.7000000, 3.0993000,24.0000000,666.0000000,20.2000000,395.3300000,12.8700000
 3.5686800, 0.0000000,18.1000000, 0.0000000, 0.5800000, 6.4370000,75.0000000, 2.8965000,24.0000000,666.0000000,20.2000000,393.3700000,14.3600000
 4.6468900, 0.0000000,18.1000000, 0.0000000, 0.6140000, 6.9800000,67.6000000, 2.5329000,24.0000000,666.0000000,20.2000000,374.6800000,11.6600000
 8.0557900, 0.0000000,18.1000000, 0.0000000, 0.5840000, 5.4270000,95.4000000, 2.4298000,24.0000000,666.0000000,20.2000000,352.5800000,18.1400000
 6.3931200, 0.0000000,18.1000000, 0.0000000, 0.5840000, 6.1620000,97.4000000, 2.2060000,24.0000000,666.0000000,20.2000000,302.7600000,24.1000000
 4.8714100, 0.0000000,18.1000000, 0.0000000, 0.6140000, 6.4840000,93.6000000, 2.3053000,24.0000000,666.0000000,20.2000000,396.2100000,18.6800000
15.0234000, 0.0000000,18.1000000, 0.0000000, 0.6140000, 5.3040000,97.3000000, 2.1007000,24.0000000,666.0000000,20.2000000,349.4800000,24.9100000
10.2330000, 0.0000000,18.1000000, 0.0000000, 0.6140000, 6.1850000,96.7000000, 2.1705000,24.0000000,666.0000000,20.2000000,379.7000000,18.0300000
14.3337000, 0.0000000,18.1000000, 0.0000000, 0.6140000, 6.2290000,88.0000000, 1.9512000,24.0000000,666.0000000,20.2000000,383.3200000,13.1100000
 5.8240100, 0.0000000,18.1000000, 0.0000000, 0.5320000, 6.2420000,64.7000000, 3.4242000,24.0000000,666.0000000,20.2000000,396.9000000,10.7400000
 5.7081800, 0.0000000,18.1000000, 0.0000000, 0.5320000, 6.7500000,74.9000000, 3.3317000,24.0000000,666.0000000,20.2000000,393.0700000, 7.7400000
 5.7311600, 0.0000000,18.1000000, 0.0000000, 0.5320000, 7.0610000,77.0000000, 3.4106000,24.0000000,666.0000000,20.2000000,395.2800000, 7.0100000
 2.8183800, 0.0000000,18.1000000, 0.0000000, 0.5320000, 5.7620000,40.3000000, 4.0983000,24.0000000,666.0000000,20.2000000,392.9200000,10.4200000
 2.3785700, 0.0000000,18.1000000, 0.0000000, 0.5830000, 5.8710000,41.9000000, 3.7240000,24.0000000,666.0000000,20.2000000,370.7300000,13.3400000
 3.6736700, 0.0000000,18.1000000, 0.0000000, 0.5830000, 6.3120000,51.9000000, 3.9917000,24.0000000,666.0000000,20.2000000,388.6200000,10.5800000
 5.6917500, 0.0000000,18.1000000, 0.0000000, 0.5830000, 6.1140000,79.8000000, 3.5459000,24.0000000,666.0000000,20.2000000,392.6800000,14.9800000
 4.8356700, 0.0000000,18.1000000, 0.0000000, 0.5830000, 5.9050000,53.2000000, 3.1523000,24.0000000,666.0000000,20.2000000,388.2200000,11.4500000
 0.1508600, 0.0000000,27.7400000, 0.0000000, 0.6090000, 5.4540000,92.7000000, 1.8209000, 4.0000000,711.0000000,20.1000000,395.0900000,18.0600000
 0.1833700, 0.0000000,27.7400000, 0.0000000, 0.6090000, 5.4140000,98.3000000, 1.7554000, 4.0000000,711.0000000,20.1000000,344.0500000,23.9700000
 0.2074600, 0.0000000,27.7400000, 0.0000000, 0.6090000, 5.0930000,98.0000000, 1.8226000, 4.0000000,711.0000000,20.1000000,318.4300000,29.6800000
 0.1057400, 0.0000000,27.7400000, 0.0000000, 0.6090000, 5.9830000,98.8000000, 1.8681000, 4.0000000,711.0000000,20.1000000,390.1100000,18.0700000
 0.1113200, 0.0000000,27.7400000, 0.0000000, 0.6090000, 5.9830000,83.5000000, 2.1099000, 4.0000000,711.0000000,20.1000000,396.9000000,13.3500000
 0.1733100, 0.0000000, 9.6900000, 0.0000000, 0.5850000, 5.7070000,54.0000000, 2.3817000, 6.0000000,391.0000000,19.2000000,396.9000000,12.0100000
 0.2795700, 0.0000000, 9.6900000, 0.0000000, 0.5850000, 5.9260000,42.6000000, 2.3817000, 6.0000000,391.0000000,19.2000000,396.9000000,13.5900000
 0.1789900, 0.0000000, 9.6900000, 0.0000000, 0.5850000, 5.6700000,28.8000000, 2.7986000, 6.0000000,391.0000000,19.2000000,393.2900000,17.6000000
 0.2896000, 0.0000000, 9.6900000, 0.0000000, 0.5850000, 5.3900000,72.9000000, 2.7986000, 6.0000000,391.0000000,19.2000000,396.9000000,21.1400000
 0.2683800, 0.0000000, 9.6900000, 0.0000000, 0.5850000, 5.7940000,70.6000000, 2.8927000, 6.0000000,391.0000000,19.2000000,396.9000000,14.1000000
 0.2391200, 0.0000000, 9.6900000, 0.0000000, 0.5850000, 6.0190000,65.3000000, 2.4091000, 6.0000000,391.0000000,19.2000000,396.9000000,12.9200000
 0.1778300, 0.0000000, 9.6900000, 0.0000000, 0.5850000, 5.5690000,73.5000000, 2.3999000, 6.0000000,391.0000000,19.2000000,395.7700000,15.1000000
 0.2243800, 0.0000000, 9.6900000, 0.0000000, 0.5850000, 6.0270000,79.7000000, 2.4982000, 6.0000000,391.0000000,19.2000000,396.9000000,14.3300000
 0.0626300, 0.0000000,11.9300000, 0.0000000, 0.5730000, 6.5930000,69.1000000, 2.4786000, 1.0000000,273.0000000,21.0000000,391.9900000, 9.6700000
 0.0452700, 0.0000000,11.9300000, 0.0000000, 0.5730000, 6.1200000,76.7000000, 2.2875000, 1.0000000,273.0000000,21.0000000,396.9000000, 9.0800000
 0.0607600, 0.0000000,11.9300000, 0.0000000, 0.5730000, 6.9760000,91.0000000, 2.1675000, 1.0000000,273.0000000,21.0000000,396.9000000, 5.6400000
 0.1095900, 0.0000000,11.9300000, 0.0000000, 0.5730000, 6.7940000,89.3000000, 2.3889000, 1.0000000,273.0000000,21.0000000,393.4500000, 6.4800000
 0.0474100, 0.0000000,11.9300000, 0.0000000, 0.5730000, 6.0300000,80.8000000, 2.5050000, 1.0000000,273.0000000,21.0000000,396.9000000, 7.8800000
